SalesNav Name,Account Name
& Other Stories,Grado Labs
Ahold Delhaize USA,Zojirushi
ALVIC USA,Zippo Manufacturing
Arc'teryx,Zep
Armarkat,Zagg
Associate Supermarket,YETI
Babylist,Yankee Candle
Beats by Dre,Xtreme Lashes
"BellRing Brands, Inc.",Xerox
Bush's Beans,Worx
Chedraui USA,Worldmark Brand Protection
Cielo Hammocks,Workwear Outfitters
Cirkul,Wolverine Worldwide
CLAIRE'S ACCESSORIES #6433,WMF Group
Dioz Group,Winland Foods
E.L.F. BEAUTY,Wholesome Harvest Baking
EBC India Company Private Limited,Whirlpool
Ellos,Western Digital
Exhibitology,West Liberty Foods
Factory Connection,Wells Enterprises
Fashion Nova,Weber
Furinno,Walter
GQ SPORTS,Wahl
GSM Group Of Companies,VOXX International Corporation
Haba USA (Habermaass Corporation),VIZIO
Heritage Grocers Group,Vista Outdoor
"HOMELEGANCE LA, INC.",Viking Electric Supply
"JS GLOBAL, LLC",Viking
K2 Sports LLC,Video Gaming Technologies
Karat Home Inc,VF Corporation
KITCHEN AID LTD,Vertu Americas
Lancer Furniture,Ventura Foods
Luxen Works LLC,Varsity Spirit
Luzon Lighting,Van Meter
"Mario Badescu Skin Care, Inc.",V-ZUG
Maxwood Furniture,Utz Quality Foods
Maybelline New York,Universal Electronics
Nom de Guerre,United Dairy Farmers
Once Upon a Farm,UniFirst
Pillsbury Company,Uni-ball
PlayStation Studios Malaysia,Undisclosed
Proman Products,Ubiquiti
RAM Quality Products Ltd,Tyson Foods
SKIMS,Tupperware Brands
SMS Infocomm,TTI Floor Care North America
Sol de Janeiro,Triumph Foods
Sprite,Trinidad Benham
Stanton Sofas,Trek Bicycle
Temu,TreeHouse Foods
Thomas Golf,TRAC Intermodal
"TOSO COMPANY, LIMITED",Toshiba America
Tribesigns,Topgolf Callaway Brands
Unifi,Tongda Group
Vestis Corporation,Thule Group
Vuori,The Toro Company
Zales Jewlery,The Simply Good Foods Company
amika,The Kraft Heinz Company
"Apache Mills, Inc.",The Hershey Company
Armani Exchange Galleria,The Estee Lauder Companies Inc.
Ashley Global Retail,The Container Store
Bebelle lingerie,The Coffee Bean & Tea Leaf
Bel Brands USA Foodservice,The Black & Decker
Blackstone Products,Tempur Sealy
Blue 84,Tegra
Boden US,Taylor Farms
BODYARMOR Sports Nutrition,Taurus Group
Bogopa Service Corp/ Food Bazaar Supermarket,TAG Heuer USA
BRANDNAME,SYNLawn
Bush Industries,Swire Coca-Cola
ButterflyMX,Super-Max
Cadre Holdings,Sun Products
Café Britt,"Sub-Zero, Wolf, and Cove"
Colour Pop,STIHL USA
"Comercial Dportenis, S.A. de C.V.",Steve Madden
Coppel,Sterilite
Dremel Europe,StarKist
"Emerald Carpets, Inc.",Stanley Black & Decker
ERG International,Springs Window Fashions
"Feelux Lighting, Inc.",Spectrum Brands
Fine Fixtures,Southwire
Food City Supermarkets,Southern States
Freshpet,Southern Glazer's Wine & Spirits
Furniture Direct,Sonepar Deutschland
GILT,Sonepar
GOOD AMERICAN,Somfy
Great American Cookies,Snap One
Grocery Outlet,Smithfield Foods
Grupo Fisher's,Smith & Wesson
Grupo Innovasport,Smeg
Hoss Intropia,Sleep Number
Husqvarna Construction North America,Skullcandy
ITALKRAFT,Sinomax USA
Jamison Bedding,Simplot Foods
Kenvue,Silver Bay Seafoods
KITH KITCHENS,SHOWA Group
KLN Family Brands,Shearer’s
Lanz Cabinets,Shaw Industries Group
Leaf Home,Sharp
Legrand Care,Sharp Europe
"Lexicon, Inc.",SharkNinja
Lulus,Shamrock Food Service
Mount-It!,Servapartner
Mundo Terra,Serta
National Defense Corporation,Sennheiser electronic
Ole Mexican Foods Inc,Seneca Foods
Palermo's Pizza,Seaboard Foods
PAT McGRATH LABS,SCM Garments Private
Progress Lighting,Schwan's Food Service
PYREX,Schreiber Foods
Sedano's Supermarket,Sazerac
SharkNinja,Sargento
"Silver Bay Seafoods, LLC",Sara Lee
Simmons Pet Food,Sanderson Farms
"Sinomax USA, Inc.",Samsung Electronics America
SMEG S.P.A.,Rutronik Electronics Worldwide
Solo Stove,Russell Athletic
Superior Grocers,Ruiz Food Products
The Coca-Cola Company,Roku
Tile,Robert Bosch Tool
Trove Brands,RME
TY,Rituals
"US Automotive, Inc.",Ricoh USA
V-ZUG Services AG,Rich Products
Vallarta Supermarkets,RH Peterson
Village Super Market,Reynolds American
Walmart,Rexel USA
WB Manufacturing,Revlon
Western Beef Supermarket,Reser's Fine Foods
Westrock Coffee Company,Regus Group Companies
XXIO USA,Refresco North America
YETI,Razer
ZOJIRUSHI CORPORATION,R.J. Reynolds Tobacco Company
.,Quirch
99 Cents Only Stores,Purple
a.k.a. Brands,Purina
ABC Stores,Primo Water Corporation
Accupac,Primo Water
Ace Hardware Corporation,Prestige Brands
Acushnet Company,Prairie Farms
adidas,Pottery Barn Kids
Affordable Interior Systems,Positec Tool
AKG,POOLCORP
Alliance of Channel Women,PlayStation
"Alpha Baking Co., Inc.",Philips - Consumer
alphabroder,Philip Morris International
American Foods Group,Perfetti Van Melle
American Freight Appliances & Furniture,Perdue Farms
"American Furniture Manufacturing, Inc.",PepsiCo
American Textile Company,Pepsi Bottling Ventures
American Woodmark,Patrón Tequila
AMMO INCORPORATED®,Panasonic North America
Amnesia,Panasonic Avionics
ANDREAS STIHL AG & KG,Pampers
Anker Japan,Pacific Seafood
Ann Taylor,OSI Group
Antigua Apparel,Origins Natural Resources
Arabian Oud,Oregon Tool
Arctic Spas (Blue Falls Manufacturing),OK Foods
Ardene,Ocean Spray
Arhaus,Northern Tool + Equipment
Ariat International,Nokia
artcobell,Nissin Foods
Ashley Furniture Industries,Nintendo of America
Asian Star Company Limited,Nike
Aspire Bakeries,Niagara Bottling
Associated Milk Producers Inc.,Newly Weds® Foods
At Home Group Inc.,Newell Brands
Attindas Hygiene Partners,Newark
Atwoods Ranch & Home,Netgear
Aurora Organic Dairy,Nestlé Waters
Baby Creysi,Nestlé USA
Bargain Hunt,Nestlé Nespresso
"Bealls, Inc.",Nestlé Hong Kong
"Beauty 21 Cosmetics, Inc.",Nespresso
BIRKENSTOCK,Neiman Marcus Group
BJ's Wholesale Club,National Beverage
Blauer,National Beef
Blount Fine Foods,Mutex
BlueTriton Brands,MTD Parts
Bob's Red Mill,Mount Franklin Foods
"Bobrick Washroom Equipment, Inc",Motorola Solutions
Boot Barn,Morton Salt
Braum's,Monster Energy Company
Braun Household,Monster Beverage
Brentwood Originals,Mondelez International
Bricktown Brewery,Molson Coors Beverage Company
Brilliant Earth,Molex
Brita Canada Corporation,"Mission Foods, North America"
Buck Knives,Minute Maid
ButcherBox,Milwaukee
"Butterball, LLC",MillerKnoll
BWE,Miele
C&A México,Microsoft
Cabinetworks Services India Private Limited (formerly known as KraftMaid Services India Pvt. Ltd.),Michael Kors
Caffco Floral Outlet,Michael Foods
Camanchaca SA,Meyer
Candle-lite Company,Melitta Group
Carl Buddig and Company,Melaleuca
Cavender's,MegaMex Foods
Centric Brands,McKee Foods
CHANEL,McCormick & Company
Chef Works,Maytag
Chrome Hearts,MasterBrand
Cinnabon,Marshall Group
City Brewing Company,Mars
Clinique,Makita
Colchas Mexico S.A. De C.V.,M+A Matting
COOLA,"Lutron Electronics, Inc."
Country Pure Foods,Lowell Corporation
Craftmaster Furniture,Logitech
"Cream O Land Dairies, LLC",Liberty Coca-Cola Beverages
"Crocs, Inc.",Lg Hausys
Cuisinart,Levi Strauss
Culligan International,Leslie's
CUTCO Cutlery,Lesaffre Yeast
"Cutrale Citrus Juices USA, Inc.",Leprino Foods
CyberPowerPC,Legrand
Danone,Lawson Products
Dave's Supermarkets,Lavelle
David Yurman,Lavazza Professional
Denon,Land O'Lakes
DIUNSA,Lance
Doc Johnson Enterprises,Lancaster Colony
Dole Food Company,Lamb Weston
Dollar General,La-Z-Boy
Dr. Bronner's,Kontoor Brands
dream on me,Kodak
"DTLR, Inc.",Koch Foods
DTRT Apparel Group,Koblenz
Dura Supreme Cabinetry,Knoll
Dynacraft Wheels,Kingston Technology
Easy Way Products,KI
ECHO Incorporated,Keurig Dr Pepper
EDDY Foods Inc.,Kellogg Company
El Palacio de Hierro,Kawai America Corporation
El Puerto de Liverpool,Kärcher North America
Eldorado Coffee Roasters,Kaltex
Elevation Labs,JVCKENWOOD USA Corporation
ella moss,Journeys
Empresas ADOC,Johnsonville
Endless Surf,John Morrell
Epic Group,Jennie-O Turkey Store
Escalade,JBS Foods
Estwing Manufacturing Company,Jaeger-LeCoultre
Executive Cabinetry,Jackson Family Wines
Family Dollar,Jack Link's Beef Jerky
Fanatics,J&J SNACK FOODS
Farmers Home Furniture,J.M. Smucker
Farmina,ITG Brands
FIGS,iRobot
Firmoo,Intradeco
Flora Home,Interface
"Food Giant Supermarkets, Inc.",Instant Brands
Food Lion,InSinkErator
Foodland,Ingredion
Foster Farms,Indesit Italy
FRAME,illycaffè
Frattina,IHS Holding
Fresh Express,iFIT
Fresh Mark Inc.,IFFCO
Frito-Lay,Husqvarna Group
Fry's Food and Drug,Husqvarna
Funko,Hunter Douglas North America
Giant Food,Humanscale
Gildan,Hubbell Incorporated
GLOCK GmbH,HTL Furniture
Goodwill Industries International,HSS Hire
"Goody Products, Inc.",HP
Goya Foods,Howden Joinery Group
Grande Custom Ingredients Group,House of Raeford
Great Lakes Cheese,Hostess Brands
Grupo Axo®,Hormel Foods
Grupo Flexi,Hoover
GT's Living Foods,Hood
H Mart,HNI
H&S Bakery Inc,Hilti
HALCON Furniture,Hilmar Cheese
Hamrick's,Hill's Pet Nutrition
Harbor Freight Tools,Hilding Anders
"Harps Food Stores, Inc.",Herman Miller
Hartson-Kennedy Inc.,HEINZ
Hearthside Food Solutions,Hearthside Food Solutions
Heaven Hill Brands,HCP
Heckler & Koch USA,Haworth
Hekman,Haverty Furniture Companies
HEMSA,Hasbro
Hermès,Hansgrohe
Hiland Dairy Foods,Hansae
Hollingsworth & Vose,"Hangzhou Great Star Industrial Co.,Ltd"
Home Chef,Hamilton Beach
Home Essentials & Beyond,Gühring
"Homemakers Furniture, Mattresses & Accessories",Groupe SEB
Horizon Group USA,Groupe Atlantic
House of Raeford Farms,Griffith Foods
HP,Greenworks Tools
Hussey Seating Company,Great Lakes Cheese Company
Hy Cite,Goya Foods
Hybrid Apparel,Gorenje
ILIA Beauty,GoPro
Impuls ®,Goody Products
iMyFone Technology,Golden State Foods
Inman Mills,Global Furniture Group
Interia,Glen Dimplex
IT'SUGAR,Glanbia Nutritionals
ITALIKA,Gilster-Mary Lee
J&J Snack Foods Corp,Gerflo
J. Jill,General Mills
Jack Daniel Distillery,GE Appliances
"Jazwares, LLC",Gatorade
JBS USA,G&W Electric
Jerash Garments & Fashions Mfg. Co. Ltd.,Funko
"Jockey International, Inc.",Fruit of the Loom
John Soules Foods,FRoSTA Tiefkühlkost
Johnson Fitness & Wellness,FritoLay
"Johnson Health Tech. Co., Ltd.",Fresh Mark
Jonathan Louis,Franz
Joss & Main,France Systèmes
Joy Cone Co,Foster Farms
JPolep Distribution Services,Fossil Group
Just Cozy,Formby's
Just Play,Foremost Groups
K-Designers,Flowers Foods
Karns Quality Foods,Fitbit
Kawai America,Finlays
Ken's Foods,Festool
Kettle Cuisine,Ferrero North America
KI,Ferrara
Kill,Fender Musical Instruments Corporation
KIND,Farouk Systems
Kindthread,Farnell
Kirker Enterprises,Fairmont Designs
Klein Tools,F.W. Webb Company
"Koch Foods, Inc.",F Group
Kraft Heinz,Ezaki Glico USA
Kwalu,Epson US
Lakeshirts,Entegris
"LALA U.S., Inc",Engineered Floors
Lancer Worldwide,Energizer Batteries
LASCANA,Emak SpA
Lasko Products,Elizabeth Arden
Lavartex,Elite Comfort Solutions
Liberty Safe,Elica
Lids,Elevate Textiles
Living Spaces Furniture,Electrolux Group
Liz Minelli,Elanco
Llano de la Torre,Einhell Germany
ltr,Edgewell Personal Care
Maggy London Group,Ecolab
MAJESTIC,E. & J. Gallo Winery
MANSCAPED,Dyson USA
Maples Rugs,Duracell
Mars,DS Services
Marsh Furniture Company,Dometic Group
MARSHALL RETAIL GROUP,Dole Food Company
MARSHALLS LLC,Dimplex
Maruchan Inc,Digi-Key
Master Massage,DEWALT Industrial Power Tool
Mavi,Delta Faucet
Mayo Manufacturing Corporation,Dell
Milwaukee Tool,Del Monte Foods
Mission Foods,Deckers Brands
Monarch Specialties Inc,De' Longhi Group
MooreCo Inc.,Dawn Foods
mophie,Datalogic
Motus Integrated Technologies,Danone North America
Murad,Dannon
Murdoch's Ranch & Home Supply,Dairy Farmers of America
MV Sport® | The Game®,Culligan
"Nassau Candy Distributors, Inc.",Crocs
National Beef Packing Company LLC,Crayola
Nestlé,CP Kelco U.S
New Balance,Coway
New Era Cap,Coty
"Nexera, LLC",Corsair
Nike,Corelle Brands
Nintendo,Constellation Brands
Nissin Foods,Conair
Nom Nom,Conagra Brands
"NONGSHIM AMERICA, INC.",Comfrey Farm
Noritz America,Columbia Sportswear
Northgate Market,Colony Brands
Nothing But Style,Colgate-Palmolive
OA S.A. DE C.V.,Coca-Cola
OK Foods Inc.,The Coca‑Cola Company
OLAPLEX,CloudKitchens
"Ole Smoky Distillery, LLC",Clinique
"Ollie's Bargain Outlet, Inc.",Citizen Watch
Omaha Steaks,Cintas
Omnia Leather Furniture,Church & Dwight Co.
Onitsuka Tiger,Chobani
OOBE Apparel Design Group,Chicago Pneumatic
OSI Group,Casio America
Ouchhh,Carhartt
OXO,CARGO Groupe
PepsiCo,Canon U.S.A.
Perdue Farms,Campbell Sales
Perfetti Van Melle,Campbell Soup
Perfume Holding,Comanche
Pet Supplies Plus,Callaway Golf
PetIQ,Calavo Growers
"Petland, Inc. (USA)",Cabinetworks Group
Petmate,Clarks
Petsense by Tractor Supply,C.H. Guenther & Son
PIM Brands,Butterball
Pirma,Busch Vacuum Solutions
Plastic Development Group LLC,Bunge
"PlayPower, Inc.",Brown-Forman
"Point Blank Enterprises, Inc.",Brooks
Polar Beverages,Brita
POLYWOOD®,Boston Beer Company
POOLCORP,Bose
Post Consumer Brands,Bosch US
PriceSmart,Borden Dairy
"Primary Arms, LLC",Bodyarmor
Printful,Boar's Head
Proenza Schouler,BLACK+DECKER UK
Propper International,BISSELL
Pure Fishing,Birds Eye
Quirch Foods,Bimbo Bakeries USA
Rainbow Apparel Co,BIC
Rally House,Benefit Cosmetics
Rapala USA,BellRing Brands
Red Bull Distribution Company,Bellisio Foods
Redbarn Pet Products,Belkin
Reformation,Becker Mining Systems
Reser's Fine Foods,Bar-s Foods
REVOLVE,Bacardi
Ridleys Market,B&G Foods
"RM Palmer Company, LLC",Avon USA
ROKA,Aviagen
Rosauers Supermarkets Inc,Auriga Industries
Roskam Foods,Aukey
"Ross Stores, Inc.",Attindas
Rouses Markets,ASR Group
RPM Inc./Drymate Products,Aspire Bakeries
Ruiz Foods,ARLANXEO
Runnings,Arla Foods Ingredients
Rural King,Arc International
S&S Activewear,Apple
SAIL,Apex Tool Group
Salt Life,AO World
Sam's Club,Anker Technology
San Francisco Bay Coffee Co,Animal Health International
Sanders Farms,Anheuser-Busch
Sani Professional®,AMPI
SanMar,American Woodmark
Santory,American Standard
Sara Lee Frozen Bakery,American Foods Group
"SATCO, INC.",American & Efird
SCM Garments Pvt Limited - India,AMC International
Seakeeper,Altria
ServiceWear Apparel,Alpha and Omega Semiconductor Limited
Shasa,Alliance Entertainment
Shearer's Foods,Albéa
Sherrill Furniture Brands,Hunan Aihua Group
"SHOE SHOW, INC.",AGRANA USA
Shoe Station,Aga Rangemaster
SICO,Advansix
"SIG SAUER, Inc.",Adidas
Simons,Acuity Brands
Skullcandy Inc.,Action
Smart & Final,ACCO Brands
Smith & Wesson,Accell Group
"Smith Brothers Of Berne, Inc.",Absopure Water
Smithfield Foods,Ab
Sole Fitness,Arbonne
"Southerland, Inc",Burton Snowboards
Southern Motion Inc,Crestron
Sprint Mart,Garmin
Stater Bros. Markets,Mattel
"Steel Grip, Inc",MOEN United States
STEPEVI,Procter & Gamble
Sterilite Corporation,SC Johnson
Stone Distributing Co.,Specialized
Stop & Shop,Steelcase
SULLIVAN'S,Timex
Sun Bum,Motus Integrated Technologies
Suncast Corporation,Jazwares
"Sunshine Mills, Inc.",Kimball
Sunsweet Growers Inc.,Kravet
Surya,Lakeshore Learning Materials
"Swire Coca-Cola, USA",Lasko Products
"Tailored Brands, Inc.",Leupold
Tailored Clothing,Mac Tools
Talize,Manulution
Tanger,Melissa & Doug
Target,Minh Duong Furniture
Tarte Cosmetics,Mobvoi
Taylor Farms,MTS Seating
TCL,Northern Contours
Tegra Global,Carter's
Tempur Pedic Mattress Gallery,Coleman
Tequila Patrón,ECHO
Thanh Cong Textile Garment Investment Trading JSC,Peloton Interactive
The Jel Sert Company,BUNN
The Libman Company,Sony Interactive Entertainment
The New Yorker,Gojo
The Pokémon Company International,Radius Garden
The Row,TCL
The Step2 Company,Mouser Electronics
"The TJX Companies, Inc.",Xiaomi
Theisen's Home Farm Auto,Newell Brands (Learning & Development)
Tillys,Newell Brands (Outdoor & Recretion)
Tito's Handmade Vodka,Hermes
Toka México,Amazon
Tom Thumb Food Stores,Drive DeVilbiss Healthcare
Topgolf Callaway Brands,JUUL Labs
"Topson Downs of California, LLC",Transact Technologies
Tractor Supply Company,Vanguard
"Triumph Foods, L.L.C.",Magid
"Tropicale Foods, LLC",Bobrick
Tropicana Brands Group,Leatherman Tool
Twincraft Skincare,4moms.com
Tyson Foods,TJX Companies
"Umarex USA, Inc.","Oakley, Inc."
Unilever,Lowe's Home Improvement
United Colors of Benetton India,New Balance
United Dairy Farmers,Magic Leap
University Tees,Evenflo
"Upstate Niagara Cooperative, Inc.",Dorel Juvenile
"Variety Wholesalers, Inc",Britax Child Safety
Varsity Brands,Shure
"VF OUTDOOR, INC.",Ashley
Visual Comfort & Co.,ecobee
Vita Couture,Acushnet
vivo,Chewy
VTech Electronics,David Yurman
Weatherford Cushion Co,Hain Celestial Group
WebstaurantStore,Inter Parfums
Welch's,Intercos
Whom Home,International Flavors & Fragrances
WHOOP,Kenvue
WinCo Foods,PetIQ
Winland Foods,Simmons Foods
Woof Gang Bakery & Grooming,Tiffany & Co.
Wrangler,Voyant Beauty
WSS / Foot Locker,FXI
Yonex,Wilson
Yumi Kim,MSI
Zelmer,Raymour & Flanigan
-,RH
-,Under Armour
-,Arhaus
-,Crate & Barrel
-,MGA Entertainment
-,Treasure Garden
-,Konka Group
-,Fiskars Group
-,Alphia
-,Asian Star
-,Aveda
-,bareMinerals
-,Blue Buffalo
-,Crabtree & Evelyn
-,CUCKOO Electronics
-,e.l.f.
-,Elevai Labs Inc.
-,Freshpet
-,Hartz
-,James Avery Artisan Jewelry
-,Kiss Products
-,Movado
-,Nice-Pak Products
-,Olaplex
-,Phibro Animal Health Corporation
-,Phillips Pet Food & Supplies
-,Richline Group
-,Scentsy
-,Sol de Janeiro
-,Vi-Jon
-,Ethan Allen Global
-,Sauder
-,TaylorMade
-,American Girl
-,AMF Bowling Centers
-,Backcountry
-,Big Rock Sports
-,Ewing Outdoor Supply
-,Fisher-Price
-,Johnson Outdoors
-,K2 Sports
-,Lamps Plus
-,Life Fitness
-,Lifetime Products
-,Lovesac
-,Johnson Health Tech
-,OFS
-,Pure Fishing
-,RC Willey
-,Remington Arms Company
-,Ruger
-,Safariland
-,Sig Sauer
-,Steinway & Sons
-,Stickley Furniture
-,Thomasville Furniture Industries
-,Traeger
-,VTech Electronics
-,Yuneec
-,3D Corporate Solutions
-,Accupac
-,Albaad
-,American Bath Group
-,American International Industries
-,Anastasia Beverly Hills
-,"Apache Mills, Inc."
-,Arabia Oud
-,Arcade Beauty
-,Beauty Health Co
-,Betco
-,Bradford Soap
-,Brilliant Earth
-,Cadre Holdings
-,Cambro Manufacturing
-,CHF Industries
-,Combe
-,Cosmecca Korea
-,CUTCO
-,Deflecto
-,Dermalogica
-,Dial
-,Draper
-,Elevation Labs
-,FRC
-,GE Lighting
-,Hollander
-,Idaho Timber
-,IL Makiage
-,IRIS USA
-,JAFRA
-,John Hardy
-,Kendra Scott
-,Kent Nutrition Group
-,La Prairie USA
-,LifeCell
-,MANSCAPED
-,Maples Industries
-,Mented Cosmetics
-,MerchSource
-,Merrick Pet Care
-,Mogoterra
-,Murad
-,MVP Group International
-,MyPillow
-,Orveon
-,Purina Animal Nutrition
-,Riddle's Jewelry
-,Saatva
-,SC Johnson Professional
-,Schlage
-,SSW Holding
-,Stuller
-,Sunshine Mills
-,The Dixie Group
-,Transitions Optical
-,United Animal Health
-,Visual Comfort AERIN Babette
-,WWP Beauty
-,Zazen Audio
-,KitchenAid
-,Bumbleride
-,Casper
-,Joovy
-,Nectar Sleep
-,Tuft & Needle
-,AKG
-,Beats Electronics
-,Amazfit
-,Allsteel
-,Alvic
-,American Leather
-,AMES
-,Andis Company
-,AriensCo
-,ASI Storage Solutions
-,Bamium Games
-,Bassett Furniture
-,Beachgolff
-,Bernhardt
-,Best Home Furnishings
-,Big Ten Tackle
-,Binzel
-,Boombah
-,Bowflex
-,Brown Jordan
-,Calligaris by Pomp Home
-,CB2
-,Clarus
-,Coaster
-,Conestoga Wood Specialties
-,D'Addario
-,Decore-Ative Specialties
-,Design Within Reach
-,DGS Retail
-,Dremel Europe
-,Elo Touch Solutions
-,Ergotron
-,Escalade
-,Exhibitology
-,Fellowes Brands
-,FN America
-,Forms + Surfaces
-,Frontgate
-,Genesis Products
-,Gibson
-,Gillette
-,GLOCK
-,H.M. Richards Inc
-,Hooker Furniture
-,Horizon Hobby
-,Hunter Industries
-,Hy Cite
-,Implus Footcare
-,Kitchen Craft
-,Klein Tools
-,Lancer Furniture
-,LeapFrog Enterprises
-,Ludwig Drum
-,Malouf Companies
-,Metro
-,Mizuno Experience Center
-,National Presto Industries
-,Nautilus
-,Patcraft
-,PING
-,PlayPower
-,Precor
-,PurposeBuilt Brands
-,Rapala
-,Reborn Cabinets
-,Rogue Fitness
-,Rowe Furniture
-,Senator
-,ShopVac
-,Solo Brands
-,Southern Motion
-,Starrett
-,Step2
-,Targus
-,Taylor Guitars
-,The Oneida Group
-,Titleist
-,USGlove Online
-,Vaughan Bassett
-,ViewSonic
-,Virco
-,Vollrath
-,Wizards of the Coast
-,Wood-Mode
-,Bushnell
-,Cuisinart
-,Google Nest
-,Oral-B
-,Sigma
-,Frigidaire
-,3 Day Blinds
-,Barkbox
-,Zepter International
-,Glorious Gaming
-,JVC USA
-,Chatsworth Products
-,SENCO
-,WAC Lighting
-,Contec
-,L'Occitane
-,Togas House
-,Maybelline New York
-,Noritz
-,"Affordable Interior Systems, LLC."
-,Modular Mining Systems
-,Ballard Designs
-,Rand McNally
-,Exmark
-,Optoma Technology
-,Pioneer Electronics USA
-,Disc Makers
-,Doc Johnson Enterprises
-,Petsense
-,Dr. Bronner's
-,Signcomplex
-,SICO
-,Latch
-,Maesa
-,Acme United
-,Leister Technologies
-,Ecos
-,PetSafe
-,Dunlop Manufacturing
-,Regal Ware
-,Ulysse Nardin
-,ClosetMaid
-,OMAX
-,Irwin Seating
-,Norwex USA
-,Luxor Workspaces
-,Mario Badescu
-,Twincraft Skincare
-,vivo Mobile Communication Co.
-,Haiku Designs
-,Midwestern Pet Foods
-,The United States Playing Card
-,TOMY
-,Kahrs Group
-,Jasco Products
-,Libman
-,Bradley
-,Traxxas
-,Natura Bissé
-,Frontline
-,Merle Norman Cosmetics
-,Oculus VR
-,Red Collar Pet Foods
-,Innotec
-,Hublot
-,Tile
-,Dura Supreme Cabinetry
-,Hirsh Industries
-,Lodge Manufacturing
-,Redbarn Pet Products
-,TASCAM
-,Kids 2
-,Larson Manufacturing
-,Jergens
-,CyberpowerPC
-,Master Spas
-,Spectrum Furniture
-,Exemplis
-,Atlas Copco IAS
-,Bolttech Mannings
-,AlEn USA
-,Lenox
-,Union Tools
-,Americo Manufacturing
-,Polaroid
-,Biotherm
-,Galleher
-,Hussey Seating
-,STARK
-,Varidesk
-,Glossier
-,Monat Global
-,Gerber Gear
-,Kingsdown
-,Toso
-,Fabuwood Cabinetry
-,Surya
-,Bio-derma Cosmetics
-,John Boos
-,Nien Made
-,NZXT
-,Nourison
-,Gardner Bender
-,Larson-Juhl
-,Petmate
-,Byrne
-,Curology
-,Zinus
-,Dacor
-,Gunlocke
-,Colony Display
-,KidKraft
-,Stevens Industries
-,Fieldstone Cabinetry
-,HM Electronics
-,Global Cosmetics
-,Rokid
-,Oribe
-,TUUCI
-,Rotary
-,Excel Industries
-,Nylabone
-,Stella & Chewy's
-,Bertch
-,HABA USA
-,Landscape Forms
-,MooreCo
-,InFocus
-,Total Life Changes
-,HALCON
-,VIP Cinema Seating
-,Progress Lighting
-,Trendway
-,Diamond V
-,Mophie
-,Mid Continent Cabinetry
-,PRS Guitars
-,Pet Food Express
-,Tai Ping
-,Oreck Corporation
-,Bradshaw Home
-,Tech Lighting
-,Nemschoff
-,Shinola
-,Fluo Tec
-,WBM International
-,Liberty Safe
-,Mio Technology
-,Treston
-,Skyline Products
-,Storr Office Environments
-,Claridge Products
-,Richard Mille
-,Design Group Americas
-,Buffet Group
-,Masterbuilt Manufacturing
-,Rollease Acmeda
-,Lornamead
-,Roux Laboratories
-,BEDGEAR
-,Pico Xr
-,Mity-Lite
-,Harry's
-,Waichi
-,Simmons Pet Food
-,Lionel
-,Farmers Home Furniture
-,Simplicity Manufacturing
-,Tropitone Furniture Company
-,Onitsuka Tiger
-,Lee Industries
-,Finelite
-,Nubian Silk
-,Hedstrom
-,K-Designers
-,XFX Inc
-,Fotile America
-,Wagner SprayTech
-,Lanz Cabinets
-,iMyFone
-,Martin Furniture
-,Poly-Wood
-,Century Furniture
-,Pampered Chef
-,Obeetee
-,MANA Products
-,Optiled
-,Orian Rugs
-,Pink Zebra
-,Buck Knives
-,Breakout Games
-,Epic Hong Kong Showroom
-,UPLIFT Desk
-,Sani Professional
-,Horizon Group USA
-,NomNomNow
-,Zotos Professional
-,Sennheiser
-,Kai USA
-,Easy Way Products
-,Canyon Creek Cabinet
-,Kent Moore Cabinets
-,WB Manufacturing
-,Cohere Beauty
-,Burt's Bees
-,Showplace Cabinetry
-,Ventrac
-,City Mattress
-,Groupe Lacasse
-,Warner Bros. Games
-,Sherrill Furniture
-,GILCHRIST & SOAMES
-,Couristan
-,Safco Products
-,Bamboo Nature
-,Pacific Coast Feather
-,Kane's Furniture
-,Kwalu
-,SureFire
-,Feelux Lighting
-,Corsicana Mattress
-,National Chain
-,AC Lens
-,Blendtec
-,Pat McGrath Labs
-,Learning Express
-,Blistex
-,HBF
-,American Mattress
-,Fairfield Chair
-,Castelle
-,Alex and Ani
-,Bradington-Young
-,Radiesse
-,Superior Recreational Products
-,Cornwell Quality Tools
-,Italkraft
-,Davines
-,Horizons Window Fashions
-,Alno
-,Central Welding Supply Co. Inc
-,Comfortex
-,Perfume Holding
-,Artefama Furniture
-,Nucraft Furniture
-,Farmina
-,Interia Hospitality
-,Hughes Furniture Industries
-,Jo Malone
-,Woof Gang Bakery
-,Royal Doulton
-,Lexington Home Brands
-,Omega Cabinetry
-,Estwing
-,Crystal Cabinet Works
-,SkinMedica
-,Minka Group
-,LOFTEK
-,Oxo
-,Physicians Formula
-,Altrum
-,Diana Pet Food
-,Koleksiyon
-,Tramontina USA
-,AFB International
-,"Char-Broil, LLC"
-,Channellock
-,Shenzhen Huaqing Touch Control Technology
-,Anhui AVID
-,Barbosa Cabinets
-,FOCO
-,Holly Hunt
-,Solarize Window Insulators
-,Little Tikes
-,Arden Companies
-,Avedis Zildjian
-,RAB Lighting
-,FlexiSnake
-,Metaltex
-,Kirker Enterprises
-,Wenger Feeds
-,Monark Premium Appliance
-,Republic Elite
-,Vileda Professional
-,RESTONIC
-,Case Knives
-,Kolcraft Enterprises
-,Norcold
-,Diamond Pet Foods
-,Leedo
-,Vanguard Furniture
-,Foshan Sai Mei Te Sanitary Ware
-,Furniture Mart USA
-,Jonathan Louis
-,Executive Cabinetry
-,KingDetector.com
-,Xiamen Tsingshan Display Fixtures
-,Campbell Hausfeld
-,Innovative Hearth Products
-,Blackstone Products
-,Grandview Products
-,Tarte Cosmetics
-,Alberto-Culver
-,AHAVA
-,Kittrich
-,Reckitt
-,The Original Mattress Factory
-,Rainbow China
-,Civilight
-,Steinway Musical Instruments
-,Cabot Wrenn
-,J-Kraft
-,Parachute
-,Omnia Leather
-,SMS InfoComm
-,Masland Carpets
-,Howard Miller
-,Conceptual Lighting
-,SATCO
-,method
-,Mackenzie-Childs
-,Ameriwood Industries
-,Bush Industries
-,Braun Household
-,Nordic Ware
-,Marquis Industries
-,Beach Organics Skincare
-,Amerock
-,Pedigree
-,Raining Rose
-,Great Neck Saw Manufacturers
-,Juno Lighting Group
-,Lowepro
-,Dakota Watch
-,Martin Professional
-,Artco-Bell
-,Hästens
-,Plymold Essentials
-,Denver Mattress
-,Alaffia
-,EZ Snap Direct
-,Grand Home Furnishings
-,Country Vet
-,Holmes Products
-,American Furniture Manufacturing
-,Schick
-,Dexter-Russell
-,Hammock Boutique
-,Smartmi
-,Albany Industries
-,Sauder Manufacturing Co
-,Master WoodCraft Cabinetry
-,Louisiana Grills
-,Relax The Back
-,ColourPop
-,Phenix Flooring
-,TY
-,Stanley Tools
-,ABCO Office Furniture
-,GI Joe
-,Ruggable
-,Gravy Train
-,Oxygen Development
-,Proto Industrial Tools
-,Precision Countertops
-,The Legacy Cabinet
-,Marsh Furniture
-,Pianca
-,Jelly Comb
-,Peter Thomas Roth Labs
-,Fun World Div./Easter Unlimited
-,Carma Labs
-,KITH Kitchens
-,Kinder Bueno
-,Pür Minerals
-,Hoffman Cabinets
-,HeimVision
-,Kessil
-,DevaCurl
-,Bush Furniture
-,Zhonglong Furniture
-,The Spring Air
-,Vintage Tradition
-,QUILTCRAFT
-,Peter Stone
-,Calico Corners
-,Zumtobel Group
-,Spring Chef
-,Beauty 21 Cosmetics
-,Craftmaster Furniture
-,Homemakers Furniture
-,AGA Marvel
-,McCreary Modern
-,Bumble and bumble
-,Jamison Bedding
-,House of Tai Ping
-,Livestock Nutrition Center
-,Capri Blue
-,The Northwest Group
-,amika
-,Electric Mirror
-,Mountville Mills
-,Lili Jewelry
-,Stanton Sofas
-,Weatherford Cushion
-,Flash Furniture
-,King Koil
-,SeneGence
-,Englewood LAB
-,Bulova
-,A.C. Furniture
-,Roman & Sunstone
-,Samkas Jewelry
-,Victrix
-,Diamond Products
-,Just Play
-,American Nutrition
-,Western Idaho Cabinets
-,Kratos Public Safety & Security Solutions
-,Kenney Manufacturing
-,COOLA Suncare
-,La-Z-Boy of Arizona | EBCO
-,Rush Mattress
-,Mayo Manufacturing
-,Serena & Lily
-,Remo
-,LEVOLOR
-,Southerland
-,Persil ProClean
-,Woodland Cabinetry
-,Measa Displays Mexico
-,Architectural Lighting Works
-,Max Home
-,Kuvings
-,Risingguitar
-,Hartson-Kennedy
-,Luzon Lighting
-,Continental Commercial Products
-,Bentley Mills
-,Active Wow
-,Seymour Midwest
-,Wolf Camera
-,JBI Interiors
-,Nival
-,Nuby USA
-,iEGrow
-,ArmorActive
-,HLE lighting
-,Playtex Products
-,Cardell
-,Holophane
-,E. Gluck
-,The Face Shop
-,Vaughan Manufacturing
-,ERG International
-,Legacy Cabinets
-,Kellex
-,Smith Brothers
-,Delta Children's Products
-,Maruyama
-,Williams Kitchen & Bath
-,Sunex Tools
-,Goodmirai Toys
-,Alexanders Rugs
-,Emerald Carpets
-,Western Cabinets
-,Actiu
-,Crown Fixtures
-,Tru Cabinetry
-,B'iota Int
-,Dormeo International
-,Bliss
-,3Form
-,DIAMAN LED
-,Filofax
-,Whom Home
-,American of Martinsville
-,Ledquotations
-,Drexel Heritage
-,Countryside Cabinets
-,Zelmer
-,C and C Cabinetry
-,Benedettini Cabinetry
-,Sheds.com
-,Hancock & Moore
-,Gameshastra
-,Caffco International
-,Kingjoy
-,AQForm
-,Diam
-,Www.motives7.com
-,Stepevi
-,Rexair
-,Vankyo
-,Primo Products
-,Selloon
-,S & J Cabinets
-,GestLed
-,Velocity Outdoor
-,Husqvarna Construction North America
-,Sharp NEC Display Solutions Division US
-,Hewlett Packard Enterprise
-,Seakeeper
-,New Pig Corporation
-,Breville Group
-,Escalade Sports
-,Bugaboo
-,Ring
-,MTI - Mobile Technologies Inc.
-,Sweetwater
-,Cybex International
-,Wayfair
-,Sole Fitness
-,Target
-,Flexsteel
-,Whoop
-,Quip
-,COSCO SHIPPING
-,Macy's
-,Restoration Hardware
-,Taylor
-,Walmart
-,14KARAT HOME
-,AllModern
-,Bacati
-,Basicwise.com
-,BCP
-,Berlin Brands Group
-,Bestier
-,Better Houseware
-,BikaHom
-,Bins & Things
-,B'iota Int
-,Boss Office Products
-,Brooklyn Bedding
-,Brookside Homes
-,BWE
-,Child Craft
-,Christopher Knight
-,Collins
-,Danya B
-,Design Toscano
-,Drymate
-,Dynasty Mattress
-,Fabato
-,Fabulaxe
-,Farmlyn Creek
-,Flora Home
-,George Oliver
-,Gorilla Carts
-,GPO Retro
-,Green Touch Industries
-,Guidecraft
-,Hangman Products
-,Harper Trucks
-,Hastings Home
-,Hekman
-,Homlux
-,iTouchless Housewares & Products
-,Ivation
-,Jokari
-,Joss & Main
-,Juggernaut Storage
-,Kescas
-,Lexicon Homes
-,Linon
-,Luxen Home
-,Martha Stewart Living Omnimedia
-,Master Massage Equipment
-,MECO
-,Merry Products
-,Mind Reader
-,Mistana
-,Monoprice
-,Mr Kate
-,Nearly Natural
-,Neatfreak
-,Net Health Shops
-,New Age Pet
-,Nexera
-,Nost Host
-,Okuna Outpost
-,Olivia May
-,Olympia Tools
-,Orbelle
-,PiccoCasa
-,Pillow Cube
-,Plastic Development Group
-,ProHeal
-,Project 62
-,Prosumer's Choice
-,Ram Quality Products
-,Real Flame
-,RealRooms
-,Rif6
-,Rubbermaid
-,Sersper
-,Serweet
-,Signature Sleep
-,Split P
-,Stakmore
-,Studio McGee
-,Sugift
-,Sullivans
-,Suncast
-,Sweet Jojo Designs
-,The Barvivo
-,The Bianco Collection
-,The Lakeside Collection
-,The Novogratz
-,Thrasio
-,True Brands
-,Twillery
-,Upper Square
-,Vintiquewise
-,Vinyl Styl
-,VIP International
-,Viski
-,Wow Atelier
-,Yaheetech
-,Yamaha Corporation of America
-,24/7 Shop At Home
-,A G Equipment
-,Abbyson Living
-,American Furniture Classics
-,Americanflat
-,Ameriwood Home
-,Angelo
-,Armarkat
-,Armen Living
-,Baxton Studio
-,Birch Lane
-,Boahaus
-,Cheer Collection
-,CorLiving Distribution
-,Costway
-,DHP Furniture
-,Dream On Me
-,eLuxury
-,Fine Fixtures
-,Foreside Home & Garden
-,Furinno
-,Furniture of America
-,Gibson Overseas
-,Go Pet Club
-,G-Rack
-,Greyleigh
-,Gühring
-,Hashtag Home
-,Hästens
-,Hodedah Import
-,Home Essentials
-,HomeCom
-,Homelegance
-,HomePop
-,HON
-,Hulala Home
-,Inspire Q
-,Jennifer Taylor Home
-,Juvale
-,Legacy Decor
-,Lifestorey
-,LumiSource
-,Max and Lily
-,Meelano
-,ModernLuxe
-,Modway Furniture
-,Monarch Specialties
-,MOUNT-IT
-,National Public Seating
-,NeuTypechic
-,Oriental Furniture
-,Park Designs
-,Proman Products
-,PYREX
-,Room Dividers Now
-,SAFAVIEH
-,SafeRacks
-,SONGMICS
-,Storied Home
-,Storkcraft Manufacturing
-,Studio Designs
-,Sweetpea Baby
-,The Refined Feline
-,Tribesigns
-,Umbra
-,Vecelo
-,Wall Control Pegboard
-,Whitmor
-,Whole Housewares
-,Wrought Studio
-,Elkay
-,THG
-,Navy Exchange Service Command
-,Cosmetica Laboratories
-,Prose
-,Chantecaille Beauté
-,Sun Bum
-,Ontex
-,Ashley Furniture Industries
-,Garden of Life
-,Arc'teryx
-,Tilly's
-,TechStyle Fashion Group
-,Ainsworth Game Technology
-,Maurices
-,Childrens Place
-,Eileen Fisher
-,Cole Haan
-,Tecovas
-,Therabody
-,Bonobos
-,ILIA Beauty
-,UPPAbaby
-,AllBirds
-,Reformation
-,Lilly Pulitzer
-,Zwift
-,Vera Bradley
-,TOMS
-,Vuori
-,"Oakley, Inc."
-,Fabletics
-,S&S Activewear
-,Rocky Brands
-,Alphabroder
-,Outdoor Cap
-,Coach
-,Rally House
-,Ralph Lauren
-,Nordstrom
-,Victoria's Secret
-,Gap Inc.
-,CHANEL
-,World Kinect
-,Coppel
-,DSW Shoe Warehouse
-,DICK'S Sporting Goods
-,Liverpool Mexico
-,Ascena Retail Group
-,SPARC Group
-,Centric Brands
-,PVH
-,lululemon
-,Bass Pro Shops
-,Foot Locker
-,Lululemon Athletica
-,Epic Group
-,The Exchange
-,Forever21
-,Tapestry
-,Academy Sports + Outdoors
-,Camping World
-,HanesBrands
-,Banana Republic
-,Capri Holdings
-,URBN
-,Cabela's
-,American Eagle Outfitters
-,Urban Outfitters
-,Abercrombie & Fitch
-,Fanatics Inc
-,Fanatics
-,REI
-,American Eagle
-,Tailored Brands
-,Designer Brands
-,G-III Apparel Group
-,Gildan Branded Apparel
-,GIII
-,Calvin Klein USA
-,RadioShack
-,Caleres
-,Vestis
-,Gymboree
-,Talbots
-,Guess
-,Wrangler Jeans
-,Ann Taylor
-,Bosideng
-,Lids
-,Bon-Ton
-,Genesco
-,J.Crew
-,Payless ShoeSource
-,Giant Tiger
-,Finish Line
-,Chico's FAS
-,Hot Topic
-,National Stores
-,Varsity Brands
-,Rainbow
-,Joe Fresh
-,Bluestem Brands
-,L.L.Bean
-,Express
-,Hibbett Sports
-,Boot Barn
-,The Hut
-,Aritzia
-,Scheels Sports
-,Patagonia
-,Sunglass Hut
-,PacSun
-,Men's Wearhouse
-,Famous Footwear
-,Reebok
-,ALDO
-,Dolce & Gabbana
-,Boardriders
-,El Palacio de Hierro
-,Stitch Fix
-,Oxford
-,Barnes & Noble College
-,Timberland
-,Aeropostale
-,Shoe Show
-,Vans
-,Eddie Bauer
-,Quiksilver
-,Shoe Show
-,Kate Spade
-,Dress Barn Online
-,Charlotte Russe
-,New York & Company
-,Sportsman's Warehouse
-,Rack Room Shoes
-,Buckle
-,Birkenstock
-,Lucky Brand
-,Shoe Carnival
-,Torrid
-,Amaya
-,todds
-,Armani Exchange
-,The North Face
-,Balfour
-,Catherines
-,Johnson Fitness & Wellness
-,Revolve Group
-,Tecnica Group Canada
-,rue21
-,Alstyle Apparel & Activewear
-,Papaya Clothing
-,Gordmans
-,Spirit Halloween
-,Kellwood Apparel
-,Tumi
-,Canada Goose
-,Modell's Sporting Goods
-,JOS. A. BANK CLOTHIERS
-,Claire's
-,Chisty Tex
-,Glen Raven
-,Mark's
-,Charming Charlie
-,Big 5 Sporting Goods
-,Zumiez
-,Tom James Company
-,About You
-,SanMar
-,HSN
-,Anthropologie
-,Buffalo Jeans
-,Converse
-,Ardene
-,Hollingsworth & Vose
-,Vita Couture
-,Molten
-,PGA TOUR Superstore
-,Groupe Boucher Sports
-,Capelli New York
-,Standard Textile Co.
-,Dallas Cowboys
-,One Jeanswear Group
-,Sportsman's Warehouse
-,Lane Bryant
-,Champs Sports
-,KEEN
-,Velcro
-,SSENSE
-,Citi Trends
-,Carolina Herrera
-,INDOCHINO
-,Jollychic
-,Free People
-,Groupe Dynamite
-,Dickies
-,Francesca's
-,Fleet Farm
-,Cato
-,Cotton
-,Marc Jacobs
-,Vineyard Vines
-,BCBGMAXAZRIAGROUP
-,Rubies Costume Company
-,Brighton Collectibles
-,King Power Safety Canada
-,Dioz Group
-,Von Maur
-,Furla
-,VF Imagewear
-,Tom Ford
-,Galls
-,AstenJohnson
-,Duluth Trading Co.
-,Ashley Stewart
-,Impuls
-,West Marine
-,BSN Sports
-,Hangers Plus
-,Justice
-,Evereve
-,Family Leisure
-,Mundo Terra
-,J. Jill
-,Uniform Advantage
-,St. John Knits
-,Sree Santhosh Group
-,Nine West
-,Athleta
-,J Polep Distribution Services
-,Superior Pool Products
-,Sotheby's
-,Carmen Steffens
-,JustFab
-,Unifi
-,"Distribuidora Flexi, SA De CV"
-,Reitmans (Canada) Ltd
-,YONEX
-,C&A Mexico S de RL
-,SGC
-,Rue Gilt Groupe
-,YM
-,Altar'd State
-,The RealReal
-,Hart Schaffner Marx
-,Ropa Siete Leguas SA de CV
-,Zappos
-,Osklen
-,Aerosoles
-,Ricki's
-,aka Brands
-,FIGS
-,Renfro
-,DXL
-,Simons
-,Earthbound Trading
-,Canali
-,Rue La La
-,Wakefield's
-,Propper International
-,Skims
-,Quantico Tactical
-,A'GACI
-,Anvil by Gildan
-,Endless Surf
-,Reitmans
-,Ekouaer
-,Hemsa
-,United Colors of Benetton
-,Perry Ellis International
-,Fine Canvas Prints
-,Destination XL Group
-,Women
-,Conforpie
-,Tommy Bahama
-,Soft Surroundings
-,Underdog Global Sports
-,Lulus
-,Deep Blue Seafood
-,Rogan's Shoes
-,Tanger Outlets
-,Grupo Axo
-,LYCRA
-,The Athlete's Foot
-,Baby Creysi
-,Knees and Toes
-,Cotton Ginny
-,Community Arts Ontario
-,LTR Sports
-,Hari Darshan
-,HENRIPAUL Professional Scrubs
-,For Joseph
-,Walter E. Nelson Co.
-,Lolly-tots
-,Cupid Foundations
-,Nothing But Style
-,Perfect Shirt
-,New Era Cap
-,Brandname
-,Tory Burch
-,Dunham's Sports
-,Century 21 Department Stores
-,Shoe Sensation
-,Spinrite
-,Gokaldas Images
-,Triathanewbie.com
-,HNizam Din & Sons Pvt
-,Wet Seal
-,Shasa
-,Laura Canada
-,Paramount Headwear
-,Duvaltex
-,Topson Downs
-,ABEO Footwear
-,Delta
-,Easton Archery
-,Augusta Sportswear Brands
-,Kayser-Roth Corporation
-,Boden US
-,Haggar Clothing
-,Soma
-,DanOn
-,Bergdorf Goodman
-,Houston Fixed Gear
-,Totes
-,Motherhood Maternity
-,Outwear (BD) Garments
-,Fashion Nova
-,Bob's Stores
-,SoftMoc
-,"Oriental Products & trading Co., Inc"
-,The Prudential Overall Supply
-,Juicy Couture
-,Golf Town Canada
-,Cavender's Out Of State Stores
-,Jockey
-,WSS
-,Weyco Group
-,Poshmark
-,Ellos
-,Empresas ADOC
-,Pure Hockey
-,Hope Global
-,Janie and Jack
-,Mountain Sports Club
-,Marypaz
-,Orvis
-,J.Hilburn
-,Grunt Style
-,ESCADA Online
-,Shawmut Corporation
-,Printful
-,Kalogerou
-,Honest
-,Randa Accessories
-,Mavi
-,Vince
-,Bilsar
-,General RV Center
-,Gearco
-,Mason Companies
-,Landau Uniforms
-,Bella + Canvas
-,Tru-Spec
-,Fanzz Sports Apparel
-,Sport Chek
-,Garanimals
-,Pazolini
-,Cone Denim
-,Franklin Sports
-,TSC Apparel
-,Claire's Accessories #6433
-,Rent the Runway
-,HornerXpress
-,Spector & Co
-,Hollister
-,Polartec LLC
-,EMS
-,H.H. Brown
-,Babylist
-,La Mesa RV
-,San Antonio Shoemakers
-,Elie Tahari
-,Fiberweb
-,The Walking Company
-,CBI Distributing
-,Frontier Spinning Mills
-,W.C. Bradley Co.
-,Everything But Water
-,Service Wear Apparel
-,Kenneth Cole
-,Advanced Turf Solutions
-,Thirty-One
-,Guilford Performance Textiles
-,The New Yorker
-,Johnston & Murphy
-,Trivium.ca
-,Highland Industries
-,Scrubs & Beyond
-,Flexon
-,Wilsons Leather
-,PIM Brands
-,Ait Resources
-,Gobi
-,Propex
-,Valdese Weavers
-,Temu
-,Pendleton
-,Colchas Mexico SA De CV
-,K&g
-,Innovasport
-,Nautica
-,Volcom
-,Specialty Sports Venture
-,Christopher & Banks
-,Visconti Garment Hangers
-,Limited Too
-,Precision Fabrics Group
-,Factory Connection
-,BonWorth
-,Totes Isotoner
-,Gilt
-,Ditech Apparel Group
-,American Apparel
-,Western Power Sports
-,Justin Brands
-,Town & Country Living
-,Adore Me
-,Venus
-,Just Cozy
-,UNTUCKit
-,Avayo Electronics Canada
-,Santory
-,Capa de Ozono
-,"Brownells, Inc."
-,Inman Mills
-,Lord & Taylor
-,Mount Vernon Mills
-,Merrell
-,BGF Industries
-,Bike Line
-,QST Industries
-,Intrigue
-,True Religion
-,Cobra Golf
-,Duloren
-,Bombas
-,Moores Clothing for Men
-,ModCloth
-,Grafton Apparel
-,5.11 Tactical
-,Northern Reflections
-,Sail
-,Shinewide Shoes
-,Smith Optics
-,Vf Outdoor
-,Arlisman
-,Sierra
-,Haddad Apparel Group
-,Culp
-,OpticsPlanet
-,Gerber Childrenswear
-,Hybrid Apparel
-,Jerry Leigh
-,The Wool Studio
-,Careismatic Brands
-,Greenbridge
-,Pure Romance
-,Mainland Headwear Holdings Limited
-,Precision Point Firearms
-,Moda Operandi
-,Bootlegger
-,Lebanon Seaboard
-,DTLR VILLA
-,Harry Rosen
-,David's Bridal
-,DKNY
-,Versona
-,Premier Golf Distributors
-,Browns
-,Finotex
-,Roots
-,Destination Maternity
-,Alice + Olivia
-,Cleveland Cavaliers Youth Sports
-,Comfort Colors
-,Komar
-,Road Runner Sports
-,Cleveland Golf
-,Pirma
-,Rawlings
-,Cache
-,Wilkins Solutions Enterprises
-,SportVision
-,Bedlam Street Creative
-,Juju Footwear Group
-,Saitex International
-,Hamrick's
-,Golf Galaxy
-,MoneyGram
-,LaCrosse Footwear
-,Chef Works
-,WorldWide Golf
-,American Outdoor Brands
-,Affliction Clothing
-,The Western
-,Italika Irapuato
-,Prym Consumer USA
-,University Tees
-,Kindthread
-,Amerex Group
-,The Antigua Group
-,Bubba's Paintball
-,Netshoes
-,Toka Mexico
-,Coldwater Creek
-,Pish Posh
-,Eclipse Stores Inc.
-,Rudsak
-,Discountmugs.com
-,Marshall Retail Group
-,Coppley
-,"Grupo Industrial Miro, SA de CV"
-,And Other Stories
-,Covercraft
-,Ammar Belal
-,Mailbox Forwarding
-,Heckler & Koch USA
-,Stitch It
-,Dportenis
-,FlyingPeas
-,Mag Instrument
-,Lafayette Interior Fashions
-,U.S. Cotton
-,Point Blank Enterprises
-,Springfield Armory
-,Maggy London International
-,Allen Edmonds
-,Gq Sports
-,Jordache
-,BioWorld
-,Fox Racing
-,FULLBEAUTY
-,Lakeshirts
-,Ella Moss
-,Stanfield's
-,Manhattan Beachwear
-,Rad Power Bikes
-,DivingGlobal
-,Byer California
-,Univ
-,Venus Group
-,Cycling Sports Group
-,Morbern
-,STI Fabrics
-,RAJ Swim
-,DrJays
-,Maggie Sottero
-,Giosis Mecoxlane
-,Cincinnati Chess Club
-,Sweet Peanut
-,Dover Saddlery
-,Spanx
-,North 40 Outfitters
-,Almond Footwear
-,Vickerey
-,Waygit
-,Dtrt Apparel
-,Dealmoon
-,Bare Necessities
-,National Spinning Company
-,Good American
-,Pelican
-,Marmaxx Operating
-,Hurley
-,Turner's Outdoorsman
-,Enchanted Costumes
-,Black Diamond Equipment
-,Naturalizer Pen Centre
-,BOTH
-,BRENTWOOD ORIGINALS
-,Ouchhh
-,Red Kap
-,Blue84
-,Mundi Westport
-,Out of Print
-,Koos Manufacturing
-,Mercado Shops
-,AMMO
-,Lascana
-,Retail Concepts
-,GOAT Group
-,The Row
-,Alphalete Athletics LLC
-,Billabong
-,Leimere
-,Grupo Vanity
-,Athenas Home Novelties
-,Sneaker Villa
-,Hwaseung
-,Hoss Intropia
-,Sunny Co Clothing
-,WinCraft
-,Solstice Sunglasses
-,Grupo Bamex SA de CV
-,Kitty Hawk Kites
-,Sports Fan Island
-,Schuylkill Valley Sports
-,Forrest & Harold
-,Sport Supply Group
-,BabyMallOnline
-,The Warnaco Group
-,Firmoo Online Optical Store
-,L & R Sports
-,Sportium
-,Medi USA
-,G.H. Bass
-,Jones Apparel Group
-,Dr Pepper Snapple Group Uniform Store
-,Travelpro International
-,STUART WEITZMAN
-,West 49
-,STX
-,Sockwell Socks
-,Servicios Corporativos Melody-Milano
-,Vantage Apparel
-,Tradehome Shoes
-,Hyperice
-,Robinson Manufacturing
-,Bealls Outlet Stores
-,ONIX Pickleball
-,Llano de la Torre
-,Hunters Specialties
-,Ecko
-,Fastup
-,Paradigm Industries
-,Kamik
-,Delsey
-,La Senza
-,Riddell
-,Alpinestars
-,Fabricut
-,South Moon Under
-,Tm Designworks
-,Rothco
-,Fred David
-,Public Bikes
-,TST Business Solutions
-,National Defense Corp
-,Nom de Guerre
-,Buckmans
-,Lavartex
-,Maille Club Group
-,Mizuno Korea
-,AmeriMark
-,Diunsa
-,MV Sport
-,Proenza Schouler
-,ES Originals
-,Horace Small
-,Salt Life
-,Christy Sports
-,Talize
-,Phat Farm
-,Chrome Hearts
-,Crosman
-,Karmaloop
-,K-Swiss
-,La Vie En Rose
-,Houston Astros
-,Mister Tennis
-,Castania Nuts
-,Primary Arms
-,Union Supply Group
-,Majestic Glove
-,Dynacraft Wheels
-,Majestic Athletic
-,Lady Foot Locker
-,American Automotive
-,Thomas Golf
-,ROKA Sports
-,Goat
-,Brandy Melville
-,Birks Group
-,Tip Top Tux
-,Mariscal Moda Hombre SA de CV
-,Thanh Cong Textile Garment Investment Trading Joint Stock Company
-,RG Barry
-,BeBelle
-,Manolo Blahnik International
-,Everlane
-,Final-Score
-,OneCoast
-,7 For All Mankind
-,MidwayUSA
-,Lakeland Industries
-,Cielo Hammocks
-,OOBE
-,The XXIO
-,Rag & Bone
-,"Lactoproductos La Loma, SA de CV"
-,Shoe Station
-,Secure Capital Holdings
-,Steel Grip
-,RTIC
-,Balance Canada
-,Frank And Oak
-,FAMBrands
-,CamelBak
-,Peerless Clothing
-,XDS Bicycles
-,Jerash Holdings
-,Yumi Kim
-,Superior Glove
-,Sports Experts
-,Fishers
-,Frattina
-,Core Health & Fitness
-,Ariat
-,MGF Sourcing
-,Town Team
-,Kill City
-,Marty's #095
-,OA SA de CV
-,Kimber Manufacturing
-,FILA USA
-,Touch of Modern
-,Lafayette 148
-,Springtex International
-,Synapse Partners
-,Frame
-,Umarex USA
-,Moose Knuckles International
-,Diva Girl Enterprises
-,Groove Life
-,Gsm - Group
-,Trivantage
-,Matrix Fitness
-,Aviator Nation
-,Rothy's
-,Seaman Corporation
-,Winners Merchants International
-,Bella Bridesmaids
-,HomeParty Rep
-,Good Feet Worldwide
-,Hemline
-,Pull-Ups.com
-,Woom Bikes USA
-,Wolford
-,Indus Apparel
-,Doc & Mark
-,Product City
-,Marmot Mountain
-,John Varvatos
-,Intermix
-,SnugZ USA
-,Motives International
-,Life Is Good
-,Palmetto Moon
-,Active Ride Shop
-,Integrated Fabric Resource
-,Luke's Locker
-,Cap Yarns
-,American Ordnance
-,Blue Falls Manufacturing
-,Izod
-,Amnesia
-,BonLook
-,Blauer
-,T.J. Maxx
-,Jasmine Bridal
-,FoodHandler
-,Victoria's Secret PINK at UTDallas
-,Trend Marketing
-,The Bradford Exchange
-,Society for Rational Dress
-,RevZilla
-,Nb Naperville
-,MK Collab
-,Gaspard
-,Alba clothings
-,Hickey Freeman
-,Dck Group
-,City Sports
-,The Moret Group
-,Liz Minelli
-,Tommy John
-,Sun & Ski
-,Guilford of Maine
-,Grabasa
-,Unilever
-,Beats by Dr. Dre
-,KIK Consumer Products
-,Lancer
-,Fluidra
-,Costco Wholesale
-,Kroger
-,Unilever USA
-,Sam's Club
-,Walt Disney World Resort
-,Jewel-Osco Floral
-,Jewel-Osco
-,Dollar General
-,Ross Stores
-,Meijer
-,BJ's Wholesale Club
-,Tractor Supply Co.
-,Food Lion
-,Trader Joe's
-,Menards
-,Stop & Shop
-,99 CENTS ONLY STORES
-,FAMILY DOLLAR
-,Hy-Vee
-,Nova Lifestyle
-,Chow Tai Fook Jewellery
-,Wegmans
-,Giant Eagle
-,JCPenney
-,Michaels Stores
-,WinCo Foods
-,ToysRUs
-,PetSmart
-,Southeastern Grocers
-,Winn-Dixie
-,Ace Hardware
-,The Pokemon Company International
-,Office Depot
-,Fred Meyer
-,Staples
-,Williams-Sonoma
-,Goodwill Industries International
-,Sprouts Farmers Market
-,84 Lumber
-,Harris Teeter
-,Dillard's
-,Saks Fifth Avenue
-,Coca-Cola Consolidated
-,Market Basket
-,Shaw's
-,Petco Animal Supplies
-,Bed Bath & Beyond
-,Dr Pepper
-,Ingles Markets
-,Harbor Freight Tools
-,ALDI USA
-,Chedraui USA
-,JS Global
-,King Soopers
-,PriceSmart
-,Weis Markets
-,Save-A-Lot
-,Hannaford Bros. Co.
-,Big Lots
-,Central Pet
-,Marshalls
-,Raley's
-,Mattress Firm
-,Floor & Decor
-,Save Mart Supermarkets
-,Giant Food
-,Grocery Outlet
-,Stater Bros. Markets
-,United Supermarkets
-,Rooms To Go
-,BlueTriton Brands
-,Amorepacific US
-,Ralphs
-,Fry's Food Stores
-,Saputo Cheese USA
-,Belk
-,Schwan's Company
-,Instacart
-,Smart & Final Stores
-,Coca Cola Bottling United
-,Food City
-,Tops Markets
-,Faire
-,Kum & Go
-,"Bealls, Inc."
-,Kmart
-,Energizer Holdings
-,PC Connection
-,The Save Mart Companies
-,Houchens Industries
-,Ahold Delhaize USA
-,WK Kellogg
-,Red Bull North America
-,Fareway Stores
-,Micro Center
-,Big Y Foods
-,VICTRA
-,Dillons
-,Heritage Grocers Group
-,Whole Foods Market
-,Village Supermarket
-,Ollie's Bargain Outlet
-,Price Chopper
-,True Value
-,Reddy Ice
-,Pet Supplies Plus
-,MAC Cosmetics
-,Stein Mart
-,Aaron's
-,Crumbl Cookies
-,Penguin Random House
-,Lowes Foods
-,The Fresh Market
-,Sears
-,Coca-Cola Beverages Florida
-,Supervalu
-,hhgregg
-,McCoy's Building Supply
-,Fiesta Mart
-,Books-A-Million
-,Cub
-,At Home
-,Pepperidge Farm
-,Philz Coffee
-,Blue Diamond Growers
-,Bashas'
-,Overstock.com
-,Newegg
-,Rouses Markets
-,Zales
-,Duty Free Americas
-,Roses Discount Stores
-,Marc's
-,Vallarta Supermarkets
-,Hiland Dairy Foods
-,Lands' End
-,Bob's Discount Furniture
-,Celsius
-,Braum's
-,Harps Food Stores
-,Gabe's
-,HMart
-,Conn's
-,Allegheny City Brewing
-,Eataly
-,Premium Waters
-,Boscov's Department Store
-,Buffalo Rock
-,Natural Grocers
-,Ocean State Job Lot
-,Mercari
-,Helzberg Diamonds a Berkshire Hathaway Company
-,Bi-Mart
-,Northgate Market
-,Associated Food Stores
-,BLICK
-,Fairway Market
-,Nebraska Furniture Mart
-,Central Market
-,Tito's Handmade Vodka
-,URM Stores
-,Swisher
-,ShopNBC
-,Oettinger Davidoff
-,Red Bull Distribution
-,See's Candies
-,Libbey
-,Superior Grocers
-,Jostens
-,Hanover
-,Godiva
-,Omaha Steaks
-,City Furniture
-,T & T Asian Market
-,T Marzetti
-,Buffalo Wild Wings
-,American Freight Furniture-Mattress
-,Roche Bros.
-,LALA U.S.
-,Audible
-,Pet Supermarket
-,Admiral Beverage
-,Clarins USA
-,Bolthouse Farms
-,Land O'Frost
-,Madewell
-,G&J Pepsi
-,Earth Fare
-,World Market
-,LL Flooring
-,Fresh Express
-,Harmons Grocery
-,Fresh Thyme
-,Dunn-Edwards
-,Dierbergs Markets
-,a2 Milk
-,LIDL US
-,Value City Furniture Inc
-,Blommer Chocolate Company
-,Amy's
-,Harlan Bakeries
-,Buddig
-,Schmidt Baking
-,Westrock Coffee
-,Ghirardelli Chocolate
-,Festival Foods
-,Woodman's Market
-,GT's Living Foods
-,Van Heusen Factory Outlet Store
-,King Kullen Grocery Co.
-,Schuman Cheese
-,Westlake Hardware
-,Heinen's
-,Cinnabon
-,Woodman's Market
-,Niemann Foods Inc dba County Market
-,Half Price Books
-,Oriental Trading Company
-,Tuesday Morning
-,Linens 'n Things
-,Redner's Markets
-,Curacao
-,Tootsie Roll
-,Polar Beverages
-,Oak Farms Dairy
-,Buddy's Home Furnishings
-,General Beverage
-,Shop LC
-,Pier 1 Imports
-,American Signature Furniture
-,Ben & Jerry's
-,H&S Bakery
-,Food Giant
-,Tropicana Brands Group
-,Darigold
-,Reyes Coca-Cola Bottling
-,Russell Stover Candies
-,Leaf Home
-,The Wine Group
-,The Heineken
-,Heaven Hill Brands
-,Tillamook
-,Lifetime Brands
-,Balls Foods
-,JAKKS Pacific
-,Living Spaces
-,Herr's
-,Welch's
-,Panasonic Europe
-,Gelson's
-,LUND FOOD HOLDINGS
-,Imperial Sugar Company
-,P3 Portable Protein Pack
-,Lakeside Foods
-,Bumble Bee Seafoods Company
-,Food Bazaar Supermarket
-,Sedano's Supermarkets
-,Villiger
-,P.C. Richard & Son
-,Edible Arrangements
-,Strack & Van Til
-,The Krusteaz Company
-,Blue Star Diamonds
-,Pillsbury
-,Great Lakes Wine & Spirits
-,Staples Advantage
-,Furniture Row
-,HomeSense
-,Foremost Farms USA
-,Tropicale Foods
-,Byrne Dairy
-,Mizkan Americas
-,New Seasons Market
-,Super One Foods
-,Horizon Beverage
-,Pernod Ricard USA
-,Bama Companies
-,Trinchero Family Estates
-,Delicato Family Vineyards
-,Bricktown Brewery
-,Gilt City Warehouse Sale
-,United Furniture
-,Coast Guard Exchange
-,Appliance Traders
-,Foodland
-,Bay Valley Foods
-,Whole Earth Brands
-,Butcherbox
-,Channel Control Merchants
-,Dietz & Watson
-,Batteries Plus
-,Rural King
-,Lewis Brothers Bakeries
-,Stone Brewing
-,AJ Wright
-,Swiss Valley Farms
-,Closets By Design
-,Bluemercury
-,CANarchy
-,Old Dutch Foods
-,Ocean Beauty Seafoods
-,Heartland Food Products Group
-,FIJI Water
-,Ken's Foods
-,Clif Bar & Company
-,Bruce Foods
-,Beauty Plus Global
-,Goedeker's
-,Jacuzzi
-,Reico Kitchen & Bath
-,Diamond Comic Distributors
-,NYX Cosmetics
-,Vita Coco
-,Ready Pac Foods
-,Bark
-,Murdoch's Ranch & Home Supply
-,Fiji Water
-,Upstate Niagara Cooperative
-,Tree Top
-,Build-A-Bear Workshop
-,Coca-Cola Puerto Rico Bottlers
-,Sprite
-,Excelligence Learning
-,Red Gold
-,Denon Professional
-,Jeni's Splendid Ice Creams
-,Caribou Coffee
-,Pan-O-Gold Baking Company
-,Associated Supermarkets
-,Kirklands Home
-,Charming Beard Coffee
-,Vitaminwater
-,Blue Apron
-,Karl Strauss Brewing
-,King's Hawaiian
-,HomeGoods
-,Aeshna Wines
-,Corner Bakery
-,Chicken of the Sea
-,AriZona Beverages
-,Rosauers Supermarkets
-,Sara Lee Frozen Bakery
-,Nature's Sunshine
-,Tea Garden Springs
-,Reasor's
-,Florida's Natural
-,Stew Leonard's
-,NOW Health Group
-,Grande Cheese Company
-,POST CONSUMER BRANDS
-,Bristol Farms
-,Accolade
-,Manhattan Beer Distributors
-,Marley Spoon
-,Neora
-,Kemps
-,Kowalski's Markets
-,John Soules Foods
-,Western Beef
-,Forman Mills
-,iHerb
-,Victorinox (USA)
-,Honey Baked Ham
-,Ehrmann
-,Cabot Creamery
-,Joy Cone
-,Alpha Baking Company
-,Jel Sert
-,Crystal Creamery
-,Community Coffee
-,Knouse Foods
-,Chemmanur International Jewellers
-,B&R Stores
-,Blue Bottle Coffee
-,Einstein Bros. Bagels
-,Bloomingdale's
-,Nintendo of Europe
-,Central Network Retail Group
-,Basic American Foods
-,Kitchen-Star
-,Fresh Encounter
-,Hooker Furnishings
-,Nor-Cal Beverage
-,PetSmart Corporate Communications
-,Zulily
-,Royal Cup
-,Ole Smoky Distillery
-,Orgain
-,Dole Packaged Foods
-,Nugget Markets
-,Duckhorn Portfolio
-,Nongshim USA
-,Absolut
-,Furniture Direct
-,Runnings
-,Buehlers Fresh Foods
-,Mathis Brothers
-,McCall Farms
-,Nassau Candy
-,Linksys
-,Lyons Magnus
-,Home Chef
-,Vitacost
-,Maxwood Furniture
-,Geneva Watch Group
-,Houzz
-,Organic Valley
-,Request Foods
-,Synergy Flavors Inc
-,Masters Gallery Foods
-,Palermo's Pizza
-,Moroccanoil
-,Gordon Biersch
-,Bel Brands USA
-,BarkShop
-,Jerry's Foods
-,WebstaurantStore
-,Oh Natural
-,Ridley's Family Markets
-,Pictsweet Farms
-,Raw Seafoods
-,Kings Food Markets
-,Bargain Hunt
-,Blount Fine Foods
-,Peterson Farms
-,Eclipse Toys
-,Jack Daniel's
-,Jelly Belly
-,The Tile Shop
-,Sam Ash Music
-,Backstage Toys
-,Times Supermarkets
-,Paper Source
-,BrandsMart USA
-,KLN Family Brands
-,Metagenics
-,Ravitz Family Markets
-,Cafe Britt
-,Acme Tools
-,Berner Food and Beverage
-,De Beers Jewellers
-,Once Upon a Farm
-,Aurora Organic Dairy
-,SunnyD
-,Spinx
-,Abt
-,Guayaki
-,Founders Brewing
-,Klosterman Baking
-,Mom's Meals
-,Farmer Bros.
-,Bush's Beans
-,IT'SUGAR
-,Sutherland Lumber Company
-,Turkey Hill
-,Puratos
-,Weleda
-,Kiehl's
-,Riviana Foods
-,ABC Fine Wine & Spirits
-,Idahoan Foods
-,Peets Coffee
-,Continental Mills
-,Roskam Baking
-,Beyond Meat
-,Igloo Coolers
-,Sur La Table
-,Jordan's Furniture
-,Avon Bakery & Deli
-,Melitta USA
-,Perfect Day
-,iMobile
-,Imperfect Foods
-,Harvest Hill Beverage
-,Olé Mexican Foods
-,Atwoods Ranch & Home
-,Loacker
-,PCC Community Markets
-,Peapod
-,Dave's Markets
-,AbiMar Foods
-,Jim Beam Brands
-,West Elm
-,Daisy Brand
-,Wise Snacks
-,Petland
-,American Textile
-,Sun-Maid Growers of California
-,Richelieu Foods
-,Faribault Foods
-,BlenderBottle
-,UniSea
-,"Kayem Foods, Inc"
-,Smead
-,Alene Candles
-,Bronco Wine Co.
-,Delallo
-,Conn-Selmer
-,Bimbo QSR
-,Bruegger's Enterprises
-,Schwebel's
-,ABC Stores
-,Compaña Cervecera de Puerto Rico
-,Market of Choice
-,Fresh Direct
-,Pace Foods
-,Bigfoot Beverages
-,Busch's
-,Citrus World
-,C&K Market
-,Kriser's
-,Pulaski Furniture
-,Pressed Juicery
-,Bob's Red Mill
-,Gehl Foods
-,Gertrude Hawk Chocolates
-,Grain Millers
-,BelGioioso
-,Empire Today
-,Morgan Foods
-,Country Pure Foods
-,Coastal Farm & Home Supply LLC
-,CREAM-O-LAND DAIRY
-,Kettle Cuisine
-,Juice Press
-,San Francisco Bay Coffee
-,Cirkul
-,Budweiser
-,Plaza Provision
-,Essentia Water
-,US Smokeless Tobacco
-,Stonewall Kitchen
-,ABC Warehouse
-,Hayneedle
-,Gardner-White Furniture
-,Levin Furniture
-,Bongards
-,Sabra
-,Johanna Foods
-,Inland Seafood
-,Kayem Foods
-,Candle-lite
-,Black Rifle Coffee
-,Coastal Farm & Home Supply
-,Misfits Market
-,PetMed Express
-,Blue Bell Creameries
-,The Glad Products
-,Dave's Fresh Marketplace
-,Gristedes Supermarkets
-,Tom Thumb
-,Dogfish Head Craft Brewery
-,Woodcraft
-,Sprint Mart
-,Litehouse Foods
-,Harry Winston
-,Mayfield Dairy Farms
-,Lancôme
-,City Brewing
-,Kolbe Windows & Doors
-,Jerome's Furniture
-,Room & Board
-,Young Chang
-,John Paul Mitchell Systems
-,Econodespensas
-,Chef'Store
-,Yoox
-,Rothbury Farms
-,Kalil Bottling
-,Pendleton Woolen Mill Store
-,Associated Grocers
-,Cutrale USA
-,Eldorado Coffee Roasters
-,Electronic Express
-,Sunsweet Growers
-,Rodney Strong
-,Perry's Ice Cream
-,Rockler
-,Rudolph Foods Company
-,Z Gallerie
-,Amyris
-,Thorne
-,Bigelow Tea
-,R.M. Palmer
-,AC Moore
-,Eddy Foods
-,Riesbeck Food Markets
-,TruGolf
-,Sartori Food Co
-,Zales Outlet
-,Theisen's
-,Badcock Home Furniture
-,Karns Foods
-,Producers Dairy
-,KIND Snacks
-,American Seafoods
-,JTM Food Group
-,Just Born
-,Spangler Candy
-,Maruchan
-,Steuben Foods
-,Yoke's Fresh Market
-,Great American Cookies
-,Koss Corporation
-,Seagate
-,ButterflyMX®
-,Recaro Child Safety (Consumer)