SalesNav Name,Account Name,Deterministic Match,Match Score
& Other Stories,Grado Labs,And Other Stories,87.5
Ahold Delhaize USA,Zojirushi,Ahold Delhaize USA,100.0
ALVIC USA,Zippo Manufacturing,ALDI USA,82.35294117647058
Arc'teryx,Zep,Arc'teryx,100.0
Armarkat,Zagg,Armarkat,100.0
Associate Supermarket,YETI,Associated Supermarkets,95.45454545454545
Babylist,Yankee Candle,Babylist,100.0
Beats by Dre,Xtreme Lashes,Beats by Dr. Dre,85.71428571428572
"BellRing Brands, Inc.",Xerox,BellRing Brands,83.33333333333334
Bush's Beans,Worx,Bush's Beans,100.0
Chedraui USA,Worldmark Brand Protection,Chedraui USA,100.0
Cielo Hammocks,Workwear Outfitters,Cielo Hammocks,100.0
Cirkul,Wolverine Worldwide,Cirkul,100.0
CLAIRE'S ACCESSORIES #6433,WMF Group,,0.0
Dioz Group,Winland Foods,Dioz Group,100.0
E.L.F. BEAUTY,Wholesome Harvest Baking,,0.0
EBC India Company Private Limited,Whirlpool,,0.0
Ellos,Western Digital,Ellos,100.0
Exhibitology,West Liberty Foods,Exhibitology,100.0
Factory Connection,Wells Enterprises,Factory Connection,100.0
Fashion Nova,Weber,Fashion Nova,100.0
Furinno,Walter,Furinno,100.0
GQ SPORTS,Wahl,,0.0
GSM Group Of Companies,VOXX International Corporation,,0.0
Haba USA (Habermaass Corporation),VIZIO,,0.0
Heritage Grocers Group,Vista Outdoor,Heritage Grocers Group,100.0
"HOMELEGANCE LA, INC.",Viking Electric Supply,,0.0
"JS GLOBAL, LLC",Viking,,0.0
K2 Sports LLC,Video Gaming Technologies,K2 Sports,81.81818181818181
Karat Home Inc,VF Corporation,,0.0
KITCHEN AID LTD,Vertu Americas,,0.0
Lancer Furniture,Ventura Foods,Lancer Furniture,100.0
Luxen Works LLC,Varsity Spirit,,0.0
Luzon Lighting,Van Meter,Luzon Lighting,100.0
"Mario Badescu Skin Care, Inc.",V-ZUG,,0.0
Maxwood Furniture,Utz Quality Foods,Maxwood Furniture,100.0
Maybelline New York,Universal Electronics,Maybelline New York,100.0
Nom de Guerre,United Dairy Farmers,Nom de Guerre,100.0
Once Upon a Farm,UniFirst,Once Upon a Farm,100.0
Pillsbury Company,Uni-ball,,0.0
PlayStation Studios Malaysia,Undisclosed,,0.0
Proman Products,Ubiquiti,Proman Products,100.0
RAM Quality Products Ltd,Tyson Foods,Ram Quality Products,81.81818181818181
SKIMS,Tupperware Brands,,0.0
SMS Infocomm,TTI Floor Care North America,SMS InfoComm,91.66666666666666
Sol de Janeiro,Triumph Foods,Sol de Janeiro,100.0
Sprite,Trinidad Benham,Sprite,100.0
Stanton Sofas,Trek Bicycle,Stanton Sofas,100.0
Temu,TreeHouse Foods,Temu,100.0
Thomas Golf,TRAC Intermodal,Thomas Golf,100.0
"TOSO COMPANY, LIMITED",Toshiba America,,0.0
Tribesigns,Topgolf Callaway Brands,Tribesigns,100.0
Unifi,Tongda Group,Unifi,100.0
Vestis Corporation,Thule Group,Koss Corporation,82.35294117647058
Vuori,The Toro Company,Vuori,100.0
Zales Jewlery,The Simply Good Foods Company,,0.0
amika,The Kraft Heinz Company,amika,100.0
"Apache Mills, Inc.",The Hershey Company,"Apache Mills, Inc.",100.0
Armani Exchange Galleria,The Estee Lauder Companies Inc.,,0.0
Ashley Global Retail,The Container Store,,0.0
Bebelle lingerie,The Coffee Bean & Tea Leaf,,0.0
Bel Brands USA Foodservice,The Black & Decker,,0.0
Blackstone Products,Tempur Sealy,Blackstone Products,100.0
Blue 84,Tegra,Blue84,92.3076923076923
Boden US,Taylor Farms,Boden US,100.0
BODYARMOR Sports Nutrition,Taurus Group,,0.0
Bogopa Service Corp/ Food Bazaar Supermarket,TAG Heuer USA,,0.0
BRANDNAME,SYNLawn,,0.0
Bush Industries,Swire Coca-Cola,Bush Industries,100.0
ButterflyMX,Super-Max,ButterflyMX®,95.65217391304348
Cadre Holdings,Sun Products,Cadre Holdings,100.0
Café Britt,"Sub-Zero, Wolf, and Cove",Cafe Britt,90.0
Colour Pop,STIHL USA,ColourPop,94.73684210526316
"Comercial Dportenis, S.A. de C.V.",Steve Madden,,0.0
Coppel,Sterilite,Coppel,100.0
Dremel Europe,StarKist,Dremel Europe,100.0
"Emerald Carpets, Inc.",Stanley Black & Decker,Emerald Carpets,83.33333333333334
ERG International,Springs Window Fashions,ERG International,100.0
"Feelux Lighting, Inc.",Spectrum Brands,Feelux Lighting,83.33333333333334
Fine Fixtures,Southwire,Fine Fixtures,100.0
Food City Supermarkets,Southern States,,0.0
Freshpet,Southern Glazer's Wine & Spirits,Freshpet,100.0
Furniture Direct,Sonepar Deutschland,Furniture Direct,100.0
GILT,Sonepar,,0.0
GOOD AMERICAN,Somfy,,0.0
Great American Cookies,Snap One,Great American Cookies,100.0
Grocery Outlet,Smithfield Foods,Grocery Outlet,100.0
Grupo Fisher's,Smith & Wesson,,0.0
Grupo Innovasport,Smeg,,0.0
Hoss Intropia,Sleep Number,Hoss Intropia,100.0
Husqvarna Construction North America,Skullcandy,Husqvarna Construction North America,100.0
ITALKRAFT,Sinomax USA,,0.0
Jamison Bedding,Simplot Foods,Jamison Bedding,100.0
Kenvue,Silver Bay Seafoods,Kenvue,100.0
KITH KITCHENS,SHOWA Group,,0.0
KLN Family Brands,Shearer’s,KLN Family Brands,100.0
Lanz Cabinets,Shaw Industries Group,Lanz Cabinets,100.0
Leaf Home,Sharp,Leaf Home,100.0
Legrand Care,Sharp Europe,,0.0
"Lexicon, Inc.",SharkNinja,,0.0
Lulus,Shamrock Food Service,Lulus,100.0
Mount-It!,Servapartner,,0.0
Mundo Terra,Serta,Mundo Terra,100.0
National Defense Corporation,Sennheiser electronic,National Defense Corp,85.71428571428572
Ole Mexican Foods Inc,Seneca Foods,Olé Mexican Foods,84.21052631578947
Palermo's Pizza,Seaboard Foods,Palermo's Pizza,100.0
PAT McGRATH LABS,SCM Garments Private,,0.0
Progress Lighting,Schwan's Food Service,Progress Lighting,100.0
PYREX,Schreiber Foods,PYREX,100.0
Sedano's Supermarket,Sazerac,Sedano's Supermarkets,97.5609756097561
SharkNinja,Sargento,SharkNinja,100.0
"Silver Bay Seafoods, LLC",Sara Lee,Silver Bay Seafoods,88.37209302325581
Simmons Pet Food,Sanderson Farms,Simmons Pet Food,100.0
"Sinomax USA, Inc.",Samsung Electronics America,,0.0
SMEG S.P.A.,Rutronik Electronics Worldwide,,0.0
Solo Stove,Russell Athletic,,0.0
Superior Grocers,Ruiz Food Products,Superior Grocers,100.0
The Coca-Cola Company,Roku,The Coca‑Cola Company,95.23809523809523
Tile,Robert Bosch Tool,Tile,100.0
Trove Brands,RME,True Brands,86.95652173913044
TY,Rituals,TY,100.0
"US Automotive, Inc.",Ricoh USA,,0.0
V-ZUG Services AG,Rich Products,,0.0
Vallarta Supermarkets,RH Peterson,Vallarta Supermarkets,100.0
Village Super Market,Reynolds American,Village Supermarket,92.3076923076923
Walmart,Rexel USA,Walmart,100.0
WB Manufacturing,Revlon,WB Manufacturing,100.0
Western Beef Supermarket,Reser's Fine Foods,,0.0
Westrock Coffee Company,Regus Group Companies,,0.0
XXIO USA,Refresco North America,,0.0
YETI,Razer,YETI,100.0
ZOJIRUSHI CORPORATION,R.J. Reynolds Tobacco Company,,0.0
.,Quirch,,0.0
99 Cents Only Stores,Purple,,0.0
a.k.a. Brands,Purina,aka Brands,86.95652173913044
ABC Stores,Primo Water Corporation,ABC Stores,100.0
Accupac,Primo Water,Accupac,100.0
Ace Hardware Corporation,Prestige Brands,,0.0
Acushnet Company,Prairie Farms,,0.0
adidas,Pottery Barn Kids,Adidas,83.33333333333334
Affordable Interior Systems,Positec Tool,"Affordable Interior Systems, LLC.",90.0
AKG,POOLCORP,AKG,100.0
Alliance of Channel Women,PlayStation,,0.0
"Alpha Baking Co., Inc.",Philips - Consumer,,0.0
alphabroder,Philip Morris International,Alphabroder,90.9090909090909
American Foods Group,Perfetti Van Melle,American Foods Group,100.0
American Freight Appliances & Furniture,Perdue Farms,,0.0
"American Furniture Manufacturing, Inc.",PepsiCo,American Furniture Manufacturing,91.42857142857143
American Textile Company,Pepsi Bottling Ventures,American Textile,80.0
American Woodmark,Patrón Tequila,American Woodmark,100.0
AMMO INCORPORATED®,Panasonic North America,,0.0
Amnesia,Panasonic Avionics,Amnesia,100.0
ANDREAS STIHL AG & KG,Pampers,,0.0
Anker Japan,Pacific Seafood,,0.0
Ann Taylor,OSI Group,Ann Taylor,100.0
Antigua Apparel,Origins Natural Resources,,0.0
Arabian Oud,Oregon Tool,Arabia Oud,95.23809523809523
Arctic Spas (Blue Falls Manufacturing),OK Foods,,0.0
Ardene,Ocean Spray,Ardene,100.0
Arhaus,Northern Tool + Equipment,Arhaus,100.0
Ariat International,Nokia,Arc International,88.88888888888889
artcobell,Nissin Foods,,0.0
Ashley Furniture Industries,Nintendo of America,Ashley Furniture Industries,100.0
Asian Star Company Limited,Nike,,0.0
Aspire Bakeries,Niagara Bottling,Aspire Bakeries,100.0
Associated Milk Producers Inc.,Newly Weds® Foods,,0.0
At Home Group Inc.,Newell Brands,,0.0
Attindas Hygiene Partners,Newark,,0.0
Atwoods Ranch & Home,Netgear,Atwoods Ranch & Home,100.0
Aurora Organic Dairy,Nestlé Waters,Aurora Organic Dairy,100.0
Baby Creysi,Nestlé USA,Baby Creysi,100.0
Bargain Hunt,Nestlé Nespresso,Bargain Hunt,100.0
"Bealls, Inc.",Nestlé Hong Kong,"Bealls, Inc.",100.0
"Beauty 21 Cosmetics, Inc.",Nespresso,Beauty 21 Cosmetics,86.36363636363636
BIRKENSTOCK,Neiman Marcus Group,,0.0
BJ's Wholesale Club,National Beverage,BJ's Wholesale Club,100.0
Blauer,National Beef,Blauer,100.0
Blount Fine Foods,Mutex,Blount Fine Foods,100.0
BlueTriton Brands,MTD Parts,BlueTriton Brands,100.0
Bob's Red Mill,Mount Franklin Foods,Bob's Red Mill,100.0
"Bobrick Washroom Equipment, Inc",Motorola Solutions,,0.0
Boot Barn,Morton Salt,Boot Barn,100.0
Braum's,Monster Energy Company,Braum's,100.0
Braun Household,Monster Beverage,Braun Household,100.0
Brentwood Originals,Mondelez International,,0.0
Bricktown Brewery,Molson Coors Beverage Company,Bricktown Brewery,100.0
Brilliant Earth,Molex,Brilliant Earth,100.0
Brita Canada Corporation,"Mission Foods, North America",,0.0
Buck Knives,Minute Maid,Buck Knives,100.0
ButcherBox,Milwaukee,Butcherbox,90.0
"Butterball, LLC",MillerKnoll,Butterball,80.0
BWE,Miele,BWE,100.0
C&A México,Microsoft,,0.0
Cabinetworks Services India Private Limited (formerly known as KraftMaid Services India Pvt. Ltd.),Michael Kors,,0.0
Caffco Floral Outlet,Michael Foods,,0.0
Camanchaca SA,Meyer,,0.0
Candle-lite Company,Melitta Group,,0.0
Carl Buddig and Company,Melaleuca,,0.0
Cavender's,MegaMex Foods,,0.0
Centric Brands,McKee Foods,Centric Brands,100.0
CHANEL,McCormick & Company,CHANEL,100.0
Chef Works,Maytag,Chef Works,100.0
Chrome Hearts,MasterBrand,Chrome Hearts,100.0
Cinnabon,Marshall Group,Cinnabon,100.0
City Brewing Company,Mars,,0.0
Clinique,Makita,Clinique,100.0
Colchas Mexico S.A. De C.V.,M+A Matting,Colchas Mexico SA De CV,92.0
COOLA,"Lutron Electronics, Inc.",,0.0
Country Pure Foods,Lowell Corporation,Country Pure Foods,100.0
Craftmaster Furniture,Logitech,Craftmaster Furniture,100.0
"Cream O Land Dairies, LLC",Liberty Coca-Cola Beverages,,0.0
"Crocs, Inc.",Lg Hausys,,0.0
Cuisinart,Levi Strauss,Cuisinart,100.0
Culligan International,Leslie's,,0.0
CUTCO Cutlery,Lesaffre Yeast,,0.0
"Cutrale Citrus Juices USA, Inc.",Leprino Foods,,0.0
CyberPowerPC,Legrand,CyberpowerPC,91.66666666666666
Danone,Lawson Products,Dannon,83.33333333333334
Dave's Supermarkets,Lavelle,Times Supermarkets,81.08108108108108
David Yurman,Lavazza Professional,David Yurman,100.0
Denon,Land O'Lakes,,0.0
DIUNSA,Lance,,0.0
Doc Johnson Enterprises,Lancaster Colony,Doc Johnson Enterprises,100.0
Dole Food Company,Lamb Weston,Dole Food Company,100.0
Dollar General,La-Z-Boy,Dollar General,100.0
Dr. Bronner's,Kontoor Brands,Dr. Bronner's,100.0
dream on me,Kodak,,0.0
"DTLR, Inc.",Koch Foods,,0.0
DTRT Apparel Group,Koblenz,,0.0
Dura Supreme Cabinetry,Knoll,Dura Supreme Cabinetry,100.0
Dynacraft Wheels,Kingston Technology,Dynacraft Wheels,100.0
Easy Way Products,KI,Easy Way Products,100.0
ECHO Incorporated,Keurig Dr Pepper,,0.0
EDDY Foods Inc.,Kellogg Company,,0.0
El Palacio de Hierro,Kawai America Corporation,El Palacio de Hierro,100.0
El Puerto de Liverpool,Kärcher North America,,0.0
Eldorado Coffee Roasters,Kaltex,Eldorado Coffee Roasters,100.0
Elevation Labs,JVCKENWOOD USA Corporation,Elevation Labs,100.0
ella moss,Journeys,,0.0
Empresas ADOC,Johnsonville,Empresas ADOC,100.0
Endless Surf,John Morrell,Endless Surf,100.0
Epic Group,Jennie-O Turkey Store,Epic Group,100.0
Escalade,JBS Foods,Escalade,100.0
Estwing Manufacturing Company,Jaeger-LeCoultre,,0.0
Executive Cabinetry,Jackson Family Wines,Executive Cabinetry,100.0
Family Dollar,Jack Link's Beef Jerky,,0.0
Fanatics,J&J SNACK FOODS,Fanatics,100.0
Farmers Home Furniture,J.M. Smucker,Farmers Home Furniture,100.0
Farmina,ITG Brands,Farmina,100.0
FIGS,iRobot,FIGS,100.0
Firmoo,Intradeco,,0.0
Flora Home,Interface,Flora Home,100.0
"Food Giant Supermarkets, Inc.",Instant Brands,,0.0
Food Lion,InSinkErator,Food Lion,100.0
Foodland,Ingredion,Foodland,100.0
Foster Farms,Indesit Italy,Foster Farms,100.0
FRAME,illycaffè,,0.0
Frattina,IHS Holding,Frattina,100.0
Fresh Express,iFIT,Fresh Express,100.0
Fresh Mark Inc.,IFFCO,Fresh Mark,80.0
Frito-Lay,Husqvarna Group,FritoLay,94.11764705882352
Fry's Food and Drug,Husqvarna,,0.0
Funko,Hunter Douglas North America,Funko,100.0
Giant Food,Humanscale,Giant Food,100.0
Gildan,Hubbell Incorporated,,0.0
GLOCK GmbH,HTL Furniture,,0.0
Goodwill Industries International,HSS Hire,Goodwill Industries International,100.0
"Goody Products, Inc.",HP,Goody Products,82.35294117647058
Goya Foods,Howden Joinery Group,Goya Foods,100.0
Grande Custom Ingredients Group,House of Raeford,,0.0
Great Lakes Cheese,Hostess Brands,Great Lakes Cheese Company,81.81818181818181
Grupo Axo®,Hormel Foods,Grupo Axo,94.73684210526316
Grupo Flexi,Hoover,,0.0
GT's Living Foods,Hood,GT's Living Foods,100.0
H Mart,HNI,HMart,90.9090909090909
H&S Bakery Inc,Hilti,H&S Bakery,83.33333333333334
HALCON Furniture,Hilmar Cheese,HTL Furniture,82.75862068965517
Hamrick's,Hill's Pet Nutrition,Hamrick's,100.0
Harbor Freight Tools,Hilding Anders,Harbor Freight Tools,100.0
"Harps Food Stores, Inc.",Herman Miller,Harps Food Stores,85.0
Hartson-Kennedy Inc.,HEINZ,Hartson-Kennedy,85.71428571428572
Hearthside Food Solutions,Hearthside Food Solutions,Hearthside Food Solutions,100.0
Heaven Hill Brands,HCP,Heaven Hill Brands,100.0
Heckler & Koch USA,Haworth,Heckler & Koch USA,100.0
Hekman,Haverty Furniture Companies,Hekman,100.0
HEMSA,Hasbro,,0.0
Hermès,Hansgrohe,Hermes,83.33333333333334
Hiland Dairy Foods,Hansae,Hiland Dairy Foods,100.0
Hollingsworth & Vose,"Hangzhou Great Star Industrial Co.,Ltd",Hollingsworth & Vose,100.0
Home Chef,Hamilton Beach,Home Chef,100.0
Home Essentials & Beyond,Gühring,,0.0
"Homemakers Furniture, Mattresses & Accessories",Groupe SEB,,0.0
Horizon Group USA,Groupe Atlantic,Horizon Group USA,100.0
House of Raeford Farms,Griffith Foods,House of Raeford,84.21052631578947
HP,Greenworks Tools,HP,100.0
Hussey Seating Company,Great Lakes Cheese Company,,0.0
Hy Cite,Goya Foods,Hy Cite,100.0
Hybrid Apparel,Gorenje,Hybrid Apparel,100.0
ILIA Beauty,GoPro,ILIA Beauty,100.0
Impuls ®,Goody Products,Impuls,85.71428571428572
iMyFone Technology,Golden State Foods,Mio Technology,81.25
Inman Mills,Global Furniture Group,Inman Mills,100.0
Interia,Glen Dimplex,Intermix,80.0
IT'SUGAR,Glanbia Nutritionals,IT'SUGAR,100.0
ITALIKA,Gilster-Mary Lee,,0.0
J&J Snack Foods Corp,Gerflo,,0.0
J. Jill,General Mills,J. Jill,100.0
Jack Daniel Distillery,GE Appliances,,0.0
"Jazwares, LLC",Gatorade,,0.0
JBS USA,G&W Electric,,0.0
Jerash Garments & Fashions Mfg. Co. Ltd.,Funko,,0.0
"Jockey International, Inc.",Fruit of the Loom,,0.0
John Soules Foods,FRoSTA Tiefkühlkost,John Soules Foods,100.0
Johnson Fitness & Wellness,FritoLay,Johnson Fitness & Wellness,100.0
"Johnson Health Tech. Co., Ltd.",Fresh Mark,,0.0
Jonathan Louis,Franz,Jonathan Louis,100.0
Joss & Main,France Systèmes,Joss & Main,100.0
Joy Cone Co,Foster Farms,Joy Cone,84.21052631578947
JPolep Distribution Services,Fossil Group,J Polep Distribution Services,98.24561403508771
Just Cozy,Formby's,Just Cozy,100.0
Just Play,Foremost Groups,Just Play,100.0
K-Designers,Flowers Foods,K-Designers,100.0
Karns Quality Foods,Fitbit,,0.0
Kawai America,Finlays,,0.0
Ken's Foods,Festool,Ken's Foods,100.0
Kettle Cuisine,Ferrero North America,Kettle Cuisine,100.0
KI,Ferrara,KI,100.0
Kill,Fender Musical Instruments Corporation,,0.0
KIND,Farouk Systems,,0.0
Kindthread,Farnell,Kindthread,100.0
Kirker Enterprises,Fairmont Designs,Kirker Enterprises,100.0
Klein Tools,F.W. Webb Company,Klein Tools,100.0
"Koch Foods, Inc.",F Group,,0.0
Kraft Heinz,Ezaki Glico USA,,0.0
Kwalu,Epson US,Kwalu,100.0
Lakeshirts,Entegris,Lakeshirts,100.0
"LALA U.S., Inc",Engineered Floors,,0.0
Lancer Worldwide,Energizer Batteries,,0.0
LASCANA,Emak SpA,,0.0
Lasko Products,Elizabeth Arden,Lasko Products,100.0
Lavartex,Elite Comfort Solutions,Lavartex,100.0
Liberty Safe,Elica,Liberty Safe,100.0
Lids,Elevate Textiles,Lids,100.0
Living Spaces Furniture,Electrolux Group,,0.0
Liz Minelli,Elanco,Liz Minelli,100.0
Llano de la Torre,Einhell Germany,Llano de la Torre,100.0
ltr,Edgewell Personal Care,,0.0
Maggy London Group,Ecolab,,0.0
MAJESTIC,E. & J. Gallo Winery,,0.0
MANSCAPED,Dyson USA,MANSCAPED,100.0
Maples Rugs,Duracell,,0.0
Mars,DS Services,Mars,100.0
Marsh Furniture Company,Dometic Group,,0.0
MARSHALL RETAIL GROUP,Dole Food Company,,0.0
MARSHALLS LLC,Dimplex,,0.0
Maruchan Inc,Digi-Key,Maruchan,80.0
Master Massage,DEWALT Industrial Power Tool,,0.0
Mavi,Delta Faucet,Mavi,100.0
Mayo Manufacturing Corporation,Dell,,0.0
Milwaukee Tool,Del Monte Foods,,0.0
Mission Foods,Deckers Brands,Nissin Foods,88.0
Monarch Specialties Inc,De' Longhi Group,Monarch Specialties,90.47619047619048
MooreCo Inc.,Dawn Foods,,0.0
mophie,Datalogic,Mophie,83.33333333333334
Motus Integrated Technologies,Danone North America,Motus Integrated Technologies,100.0
Murad,Dannon,Murad,100.0
Murdoch's Ranch & Home Supply,Dairy Farmers of America,Murdoch's Ranch & Home Supply,100.0
MV Sport® | The Game®,Culligan,,0.0
"Nassau Candy Distributors, Inc.",Crocs,,0.0
National Beef Packing Company LLC,Crayola,,0.0
Nestlé,CP Kelco U.S,,0.0
New Balance,Coway,New Balance,100.0
New Era Cap,Coty,New Era Cap,100.0
"Nexera, LLC",Corsair,,0.0
Nike,Corelle Brands,Nike,100.0
Nintendo,Constellation Brands,,0.0
Nissin Foods,Conair,Nissin Foods,100.0
Nom Nom,Conagra Brands,,0.0
"NONGSHIM AMERICA, INC.",Comfrey Farm,,0.0
Noritz America,Columbia Sportswear,,0.0
Northgate Market,Colony Brands,Northgate Market,100.0
Nothing But Style,Colgate-Palmolive,Nothing But Style,100.0
OA S.A. DE C.V.,Coca-Cola,,0.0
OK Foods Inc.,The Coca‑Cola Company,,0.0
OLAPLEX,CloudKitchens,,0.0
"Ole Smoky Distillery, LLC",Clinique,Ole Smoky Distillery,88.88888888888889
"Ollie's Bargain Outlet, Inc.",Citizen Watch,Ollie's Bargain Outlet,88.0
Omaha Steaks,Cintas,Omaha Steaks,100.0
Omnia Leather Furniture,Church & Dwight Co.,,0.0
Onitsuka Tiger,Chobani,Onitsuka Tiger,100.0
OOBE Apparel Design Group,Chicago Pneumatic,,0.0
OSI Group,Casio America,OSI Group,100.0
Ouchhh,Carhartt,Ouchhh,100.0
OXO,CARGO Groupe,,0.0
PepsiCo,Canon U.S.A.,PepsiCo,100.0
Perdue Farms,Campbell Sales,Perdue Farms,100.0
Perfetti Van Melle,Campbell Soup,Perfetti Van Melle,100.0
Perfume Holding,Comanche,Perfume Holding,100.0
Pet Supplies Plus,Callaway Golf,Pet Supplies Plus,100.0
PetIQ,Calavo Growers,PetIQ,100.0
"Petland, Inc. (USA)",Cabinetworks Group,,0.0
Petmate,Clarks,Petmate,100.0
Petsense by Tractor Supply,C.H. Guenther & Son,,0.0
PIM Brands,Butterball,PIM Brands,100.0
Pirma,Busch Vacuum Solutions,Pirma,100.0
Plastic Development Group LLC,Bunge,Plastic Development Group,92.5925925925926
"PlayPower, Inc.",Brown-Forman,,0.0
"Point Blank Enterprises, Inc.",Brooks,Point Blank Enterprises,88.46153846153845
Polar Beverages,Brita,Polar Beverages,100.0
POLYWOOD®,Boston Beer Company,,0.0
POOLCORP,Bose,POOLCORP,100.0
Post Consumer Brands,Bosch US,,0.0
PriceSmart,Borden Dairy,PriceSmart,100.0
"Primary Arms, LLC",Bodyarmor,Primary Arms,82.75862068965517
Printful,Boar's Head,Printful,100.0
Proenza Schouler,BLACK+DECKER UK,Proenza Schouler,100.0
Propper International,BISSELL,Propper International,100.0
Pure Fishing,Birds Eye,Pure Fishing,100.0
Quirch Foods,Bimbo Bakeries USA,,0.0
Rainbow Apparel Co,BIC,,0.0
Rally House,Benefit Cosmetics,Rally House,100.0
Rapala USA,BellRing Brands,,0.0
Red Bull Distribution Company,Bellisio Foods,Red Bull Distribution,84.0
Redbarn Pet Products,Belkin,Redbarn Pet Products,100.0
Reformation,Becker Mining Systems,Reformation,100.0
Reser's Fine Foods,Bar-s Foods,Reser's Fine Foods,100.0
REVOLVE,Bacardi,,0.0
Ridleys Market,B&G Foods,,0.0
"RM Palmer Company, LLC",Avon USA,,0.0
ROKA,Aviagen,,0.0
Rosauers Supermarkets Inc,Auriga Industries,Rosauers Supermarkets,91.30434782608697
Roskam Foods,Aukey,,0.0
"Ross Stores, Inc.",Attindas,,0.0
Rouses Markets,ASR Group,Rouses Markets,100.0
RPM Inc./Drymate Products,Aspire Bakeries,,0.0
Ruiz Foods,ARLANXEO,,0.0
Runnings,Arla Foods Ingredients,Runnings,100.0
Rural King,Arc International,Rural King,100.0
S&S Activewear,Apple,S&S Activewear,100.0
SAIL,Apex Tool Group,,0.0
Salt Life,AO World,Salt Life,100.0
Sam's Club,Anker Technology,Sam's Club,100.0
San Francisco Bay Coffee Co,Animal Health International,San Francisco Bay Coffee,94.11764705882352
Sanders Farms,Anheuser-Busch,Sanderson Farms,92.85714285714286
Sani Professional®,AMPI,Sani Professional,97.14285714285714
SanMar,American Woodmark,SanMar,100.0
Santory,American Standard,Santory,100.0
Sara Lee Frozen Bakery,American Foods Group,Sara Lee Frozen Bakery,100.0
"SATCO, INC.",American & Efird,,0.0
SCM Garments Pvt Limited - India,AMC International,,0.0
Seakeeper,Altria,Seakeeper,100.0
ServiceWear Apparel,Alpha and Omega Semiconductor Limited,Service Wear Apparel,97.43589743589743
Shasa,Alliance Entertainment,Shasa,100.0
Shearer's Foods,Albéa,,0.0
Sherrill Furniture Brands,Hunan Aihua Group,Sherrill Furniture,83.72093023255813
"SHOE SHOW, INC.",AGRANA USA,,0.0
Shoe Station,Aga Rangemaster,Shoe Station,100.0
SICO,Advansix,SICO,100.0
"SIG SAUER, Inc.",Adidas,,0.0
Simons,Acuity Brands,Simons,100.0
Skullcandy Inc.,Action,Skullcandy,80.0
Smart & Final,ACCO Brands,,0.0
Smith & Wesson,Accell Group,Smith & Wesson,100.0
"Smith Brothers Of Berne, Inc.",Absopure Water,,0.0
Smithfield Foods,Ab,Smithfield Foods,100.0
Sole Fitness,Arbonne,Sole Fitness,100.0
"Southerland, Inc",Burton Snowboards,Southerland,81.4814814814815
Southern Motion Inc,Crestron,Southern Motion,88.23529411764706
Sprint Mart,Garmin,Sprint Mart,100.0
Stater Bros. Markets,Mattel,Stater Bros. Markets,100.0
"Steel Grip, Inc",MOEN United States,Steel Grip,80.0
STEPEVI,Procter & Gamble,,0.0
Sterilite Corporation,SC Johnson,,0.0
Stone Distributing Co.,Specialized,,0.0
Stop & Shop,Steelcase,Stop & Shop,100.0
SULLIVAN'S,Timex,,0.0
Sun Bum,Motus Integrated Technologies,Sun Bum,100.0
Suncast Corporation,Jazwares,,0.0
"Sunshine Mills, Inc.",Kimball,Sunshine Mills,82.35294117647058
Sunsweet Growers Inc.,Kravet,Sunsweet Growers,86.48648648648648
Surya,Lakeshore Learning Materials,Surya,100.0
"Swire Coca-Cola, USA",Lasko Products,Swire Coca-Cola,85.71428571428572
"Tailored Brands, Inc.",Leupold,Tailored Brands,83.33333333333334
Tailored Clothing,Mac Tools,,0.0
Talize,Manulution,Talize,100.0
Tanger,Melissa & Doug,,0.0
Target,Minh Duong Furniture,Target,100.0
Tarte Cosmetics,Mobvoi,Tarte Cosmetics,100.0
Taylor Farms,MTS Seating,Taylor Farms,100.0
TCL,Northern Contours,TCL,100.0
Tegra Global,Carter's,,0.0
Tempur Pedic Mattress Gallery,Coleman,,0.0
Tequila Patrón,ECHO,,0.0
Thanh Cong Textile Garment Investment Trading JSC,Peloton Interactive,Thanh Cong Textile Garment Investment Trading Joint Stock Company,85.96491228070175
The Jel Sert Company,BUNN,,0.0
The Libman Company,Sony Interactive Entertainment,,0.0
The New Yorker,Gojo,The New Yorker,100.0
The Pokémon Company International,Radius Garden,The Pokemon Company International,96.96969696969697
The Row,TCL,The Row,100.0
The Step2 Company,Mouser Electronics,,0.0
"The TJX Companies, Inc.",Xiaomi,,0.0
Theisen's Home Farm Auto,Newell Brands (Learning & Development),,0.0
Tillys,Newell Brands (Outdoor & Recretion),Tilly's,92.3076923076923
Tito's Handmade Vodka,Hermes,Tito's Handmade Vodka,100.0
Toka México,Amazon,Toka Mexico,90.9090909090909
Tom Thumb Food Stores,Drive DeVilbiss Healthcare,,0.0
Topgolf Callaway Brands,JUUL Labs,Topgolf Callaway Brands,100.0
"Topson Downs of California, LLC",Transact Technologies,,0.0
Tractor Supply Company,Vanguard,Tractor Supply Co.,85.0
"Triumph Foods, L.L.C.",Magid,,0.0
"Tropicale Foods, LLC",Bobrick,Tropicale Foods,85.71428571428572
Tropicana Brands Group,Leatherman Tool,Tropicana Brands Group,100.0
Twincraft Skincare,4moms.com,Twincraft Skincare,100.0
Tyson Foods,TJX Companies,Tyson Foods,100.0
"Umarex USA, Inc.","Oakley, Inc.",,0.0
Unilever,Lowe's Home Improvement,Unilever,100.0
United Colors of Benetton India,New Balance,United Colors of Benetton,89.28571428571429
United Dairy Farmers,Magic Leap,United Dairy Farmers,100.0
University Tees,Evenflo,University Tees,100.0
"Upstate Niagara Cooperative, Inc.",Dorel Juvenile,Upstate Niagara Cooperative,90.0
"Variety Wholesalers, Inc",Britax Child Safety,,0.0
Varsity Brands,Shure,Varsity Brands,100.0
"VF OUTDOOR, INC.",Ashley,,0.0
Visual Comfort & Co.,ecobee,,0.0
Vita Couture,Acushnet,Vita Couture,100.0
vivo,Chewy,,0.0
VTech Electronics,David Yurman,VTech Electronics,100.0
Weatherford Cushion Co,Hain Celestial Group,Weatherford Cushion,92.6829268292683
WebstaurantStore,Inter Parfums,WebstaurantStore,100.0
Welch's,Intercos,Welch's,100.0
Whom Home,International Flavors & Fragrances,Whom Home,100.0
WHOOP,Kenvue,,0.0
WinCo Foods,PetIQ,WinCo Foods,100.0
Winland Foods,Simmons Foods,Winland Foods,100.0
Woof Gang Bakery & Grooming,Tiffany & Co.,,0.0
Wrangler,Voyant Beauty,,0.0
WSS / Foot Locker,FXI,,0.0
Yonex,Wilson,,0.0
Yumi Kim,MSI,Yumi Kim,100.0
Zelmer,Raymour & Flanigan,Zelmer,100.0
-,RH,,0.0
-,Under Armour,,0.0
-,Arhaus,,0.0
-,Crate & Barrel,,0.0
-,MGA Entertainment,,0.0
-,Treasure Garden,,0.0
-,Konka Group,,0.0
-,Fiskars Group,,0.0
-,Alphia,,0.0
-,Asian Star,,0.0
-,Aveda,,0.0
-,bareMinerals,,0.0
-,Blue Buffalo,,0.0
-,Crabtree & Evelyn,,0.0
-,CUCKOO Electronics,,0.0
-,e.l.f.,,0.0
-,Elevai Labs Inc.,,0.0
-,Freshpet,,0.0
-,Hartz,,0.0
-,James Avery Artisan Jewelry,,0.0
-,Kiss Products,,0.0
-,Movado,,0.0
-,Nice-Pak Products,,0.0
-,Olaplex,,0.0
-,Phibro Animal Health Corporation,,0.0
-,Phillips Pet Food & Supplies,,0.0
-,Richline Group,,0.0
-,Scentsy,,0.0
-,Sol de Janeiro,,0.0
-,Vi-Jon,,0.0
-,Ethan Allen Global,,0.0
-,Sauder,,0.0
-,TaylorMade,,0.0
-,American Girl,,0.0
-,AMF Bowling Centers,,0.0
-,Backcountry,,0.0
-,Big Rock Sports,,0.0
-,Ewing Outdoor Supply,,0.0
-,Fisher-Price,,0.0
-,Johnson Outdoors,,0.0
-,K2 Sports,,0.0
-,Lamps Plus,,0.0
-,Life Fitness,,0.0
-,Lifetime Products,,0.0
-,Lovesac,,0.0
-,Johnson Health Tech,,0.0
-,OFS,,0.0
-,Pure Fishing,,0.0
-,RC Willey,,0.0
-,Remington Arms Company,,0.0
-,Ruger,,0.0
-,Safariland,,0.0
-,Sig Sauer,,0.0
-,Steinway & Sons,,0.0
-,Stickley Furniture,,0.0
-,Thomasville Furniture Industries,,0.0
-,Traeger,,0.0
-,VTech Electronics,,0.0
-,Yuneec,,0.0
-,3D Corporate Solutions,,0.0
-,Accupac,,0.0
-,Albaad,,0.0
-,American Bath Group,,0.0
-,American International Industries,,0.0
-,Anastasia Beverly Hills,,0.0
-,"Apache Mills, Inc.",,0.0
-,Arabia Oud,,0.0
-,Arcade Beauty,,0.0
-,Beauty Health Co,,0.0
-,Betco,,0.0
-,Bradford Soap,,0.0
-,Brilliant Earth,,0.0
-,Cadre Holdings,,0.0
-,Cambro Manufacturing,,0.0
-,CHF Industries,,0.0
-,Combe,,0.0
-,Cosmecca Korea,,0.0
-,CUTCO,,0.0
-,Deflecto,,0.0
-,Dermalogica,,0.0
-,Dial,,0.0
-,Draper,,0.0
-,Elevation Labs,,0.0
-,FRC,,0.0
-,GE Lighting,,0.0
-,Hollander,,0.0
-,Idaho Timber,,0.0
-,IL Makiage,,0.0
-,IRIS USA,,0.0
-,JAFRA,,0.0
-,John Hardy,,0.0
-,Kendra Scott,,0.0
-,Kent Nutrition Group,,0.0
-,La Prairie USA,,0.0
-,LifeCell,,0.0
-,MANSCAPED,,0.0
-,Maples Industries,,0.0
-,Mented Cosmetics,,0.0
-,MerchSource,,0.0
-,Merrick Pet Care,,0.0
-,Mogoterra,,0.0
-,Murad,,0.0
-,MVP Group International,,0.0
-,MyPillow,,0.0
-,Orveon,,0.0
-,Purina Animal Nutrition,,0.0
-,Riddle's Jewelry,,0.0
-,Saatva,,0.0
-,SC Johnson Professional,,0.0
-,Schlage,,0.0
-,SSW Holding,,0.0
-,Stuller,,0.0
-,Sunshine Mills,,0.0
-,The Dixie Group,,0.0
-,Transitions Optical,,0.0
-,United Animal Health,,0.0
-,Visual Comfort AERIN Babette,,0.0
-,WWP Beauty,,0.0
-,Zazen Audio,,0.0
-,KitchenAid,,0.0
-,Bumbleride,,0.0
-,Casper,,0.0
-,Joovy,,0.0
-,Nectar Sleep,,0.0
-,Tuft & Needle,,0.0
-,AKG,,0.0
-,Beats Electronics,,0.0
-,Amazfit,,0.0
-,Allsteel,,0.0
-,Alvic,,0.0
-,American Leather,,0.0
-,AMES,,0.0
-,Andis Company,,0.0
-,AriensCo,,0.0
-,ASI Storage Solutions,,0.0
-,Bamium Games,,0.0
-,Bassett Furniture,,0.0
-,Beachgolff,,0.0
-,Bernhardt,,0.0
-,Best Home Furnishings,,0.0
-,Big Ten Tackle,,0.0
-,Binzel,,0.0
-,Boombah,,0.0
-,Bowflex,,0.0
-,Brown Jordan,,0.0
-,Calligaris by Pomp Home,,0.0
-,CB2,,0.0
-,Clarus,,0.0
-,Coaster,,0.0
-,Conestoga Wood Specialties,,0.0
-,D'Addario,,0.0
-,Decore-Ative Specialties,,0.0
-,Design Within Reach,,0.0
-,DGS Retail,,0.0
-,Dremel Europe,,0.0
-,Elo Touch Solutions,,0.0
-,Ergotron,,0.0
-,Escalade,,0.0
-,Exhibitology,,0.0
-,Fellowes Brands,,0.0
-,FN America,,0.0
-,Forms + Surfaces,,0.0
-,Frontgate,,0.0
-,Genesis Products,,0.0
-,Gibson,,0.0
-,Gillette,,0.0
-,GLOCK,,0.0
-,H.M. Richards Inc,,0.0
-,Hooker Furniture,,0.0
-,Horizon Hobby,,0.0
-,Hunter Industries,,0.0
-,Hy Cite,,0.0
-,Implus Footcare,,0.0
-,Kitchen Craft,,0.0
-,Klein Tools,,0.0
-,Lancer Furniture,,0.0
-,LeapFrog Enterprises,,0.0
-,Ludwig Drum,,0.0
-,Malouf Companies,,0.0
-,Metro,,0.0
-,Mizuno Experience Center,,0.0
-,National Presto Industries,,0.0
-,Nautilus,,0.0
-,Patcraft,,0.0
-,PING,,0.0
-,PlayPower,,0.0
-,Precor,,0.0
-,PurposeBuilt Brands,,0.0
-,Rapala,,0.0
-,Reborn Cabinets,,0.0
-,Rogue Fitness,,0.0
-,Rowe Furniture,,0.0
-,Senator,,0.0
-,ShopVac,,0.0
-,Solo Brands,,0.0
-,Southern Motion,,0.0
-,Starrett,,0.0
-,Step2,,0.0
-,Targus,,0.0
-,Taylor Guitars,,0.0
-,The Oneida Group,,0.0
-,Titleist,,0.0
-,USGlove Online,,0.0
-,Vaughan Bassett,,0.0
-,ViewSonic,,0.0
-,Virco,,0.0
-,Vollrath,,0.0
-,Wizards of the Coast,,0.0
-,Wood-Mode,,0.0
-,Bushnell,,0.0
-,Cuisinart,,0.0
-,Google Nest,,0.0
-,Oral-B,,0.0
-,Sigma,,0.0
-,Frigidaire,,0.0
-,3 Day Blinds,,0.0
-,Barkbox,,0.0
-,Zepter International,,0.0
-,Glorious Gaming,,0.0
-,JVC USA,,0.0
-,Chatsworth Products,,0.0
-,SENCO,,0.0
-,WAC Lighting,,0.0
-,Contec,,0.0
-,L'Occitane,,0.0
-,Togas House,,0.0
-,Maybelline New York,,0.0
-,Noritz,,0.0
-,"Affordable Interior Systems, LLC.",,0.0
-,Modular Mining Systems,,0.0
-,Ballard Designs,,0.0
-,Rand McNally,,0.0
-,Exmark,,0.0
-,Optoma Technology,,0.0
-,Pioneer Electronics USA,,0.0
-,Disc Makers,,0.0
-,Doc Johnson Enterprises,,0.0
-,Petsense,,0.0
-,Dr. Bronner's,,0.0
-,Signcomplex,,0.0
-,SICO,,0.0
-,Latch,,0.0
-,Maesa,,0.0
-,Acme United,,0.0
-,Leister Technologies,,0.0
-,Ecos,,0.0
-,PetSafe,,0.0
-,Dunlop Manufacturing,,0.0
-,Regal Ware,,0.0
-,Ulysse Nardin,,0.0
-,ClosetMaid,,0.0
-,OMAX,,0.0
-,Irwin Seating,,0.0
-,Norwex USA,,0.0
-,Luxor Workspaces,,0.0
-,Mario Badescu,,0.0
-,Twincraft Skincare,,0.0
-,vivo Mobile Communication Co.,,0.0
-,Haiku Designs,,0.0
-,Midwestern Pet Foods,,0.0
-,The United States Playing Card,,0.0
-,TOMY,,0.0
-,Kahrs Group,,0.0
-,Jasco Products,,0.0
-,Libman,,0.0
-,Bradley,,0.0
-,Traxxas,,0.0
-,Natura Bissé,,0.0
-,Frontline,,0.0
-,Merle Norman Cosmetics,,0.0
-,Oculus VR,,0.0
-,Red Collar Pet Foods,,0.0
-,Innotec,,0.0
-,Hublot,,0.0
-,Tile,,0.0
-,Dura Supreme Cabinetry,,0.0
-,Hirsh Industries,,0.0
-,Lodge Manufacturing,,0.0
-,Redbarn Pet Products,,0.0
-,TASCAM,,0.0
-,Kids 2,,0.0
-,Larson Manufacturing,,0.0
-,Jergens,,0.0
-,CyberpowerPC,,0.0
-,Master Spas,,0.0
-,Spectrum Furniture,,0.0
-,Exemplis,,0.0
-,Atlas Copco IAS,,0.0
-,Bolttech Mannings,,0.0
-,AlEn USA,,0.0
-,Lenox,,0.0
-,Union Tools,,0.0
-,Americo Manufacturing,,0.0
-,Polaroid,,0.0
-,Biotherm,,0.0
-,Galleher,,0.0
-,Hussey Seating,,0.0
-,STARK,,0.0
-,Varidesk,,0.0
-,Glossier,,0.0
-,Monat Global,,0.0
-,Gerber Gear,,0.0
-,Kingsdown,,0.0
-,Toso,,0.0
-,Fabuwood Cabinetry,,0.0
-,Surya,,0.0
-,Bio-derma Cosmetics,,0.0
-,John Boos,,0.0
-,Nien Made,,0.0
-,NZXT,,0.0
-,Nourison,,0.0
-,Gardner Bender,,0.0
-,Larson-Juhl,,0.0
-,Petmate,,0.0
-,Byrne,,0.0
-,Curology,,0.0
-,Zinus,,0.0
-,Dacor,,0.0
-,Gunlocke,,0.0
-,Colony Display,,0.0
-,KidKraft,,0.0
-,Stevens Industries,,0.0
-,Fieldstone Cabinetry,,0.0
-,HM Electronics,,0.0
-,Global Cosmetics,,0.0
-,Rokid,,0.0
-,Oribe,,0.0
-,TUUCI,,0.0
-,Rotary,,0.0
-,Excel Industries,,0.0
-,Nylabone,,0.0
-,Stella & Chewy's,,0.0
-,Bertch,,0.0
-,HABA USA,,0.0
-,Landscape Forms,,0.0
-,MooreCo,,0.0
-,InFocus,,0.0
-,Total Life Changes,,0.0
-,HALCON,,0.0
-,VIP Cinema Seating,,0.0
-,Progress Lighting,,0.0
-,Trendway,,0.0
-,Diamond V,,0.0
-,Mophie,,0.0
-,Mid Continent Cabinetry,,0.0
-,PRS Guitars,,0.0
-,Pet Food Express,,0.0
-,Tai Ping,,0.0
-,Oreck Corporation,,0.0
-,Bradshaw Home,,0.0
-,Tech Lighting,,0.0
-,Nemschoff,,0.0
-,Shinola,,0.0
-,Fluo Tec,,0.0
-,WBM International,,0.0
-,Liberty Safe,,0.0
-,Mio Technology,,0.0
-,Treston,,0.0
-,Skyline Products,,0.0
-,Storr Office Environments,,0.0
-,Claridge Products,,0.0
-,Richard Mille,,0.0
-,Design Group Americas,,0.0
-,Buffet Group,,0.0
-,Masterbuilt Manufacturing,,0.0
-,Rollease Acmeda,,0.0
-,Lornamead,,0.0
-,Roux Laboratories,,0.0
-,BEDGEAR,,0.0
-,Pico Xr,,0.0
-,Mity-Lite,,0.0
-,Harry's,,0.0
-,Waichi,,0.0
-,Simmons Pet Food,,0.0
-,Lionel,,0.0
-,Farmers Home Furniture,,0.0
-,Simplicity Manufacturing,,0.0
-,Tropitone Furniture Company,,0.0
-,Onitsuka Tiger,,0.0
-,Lee Industries,,0.0
-,Finelite,,0.0
-,Nubian Silk,,0.0
-,Hedstrom,,0.0
-,K-Designers,,0.0
-,XFX Inc,,0.0
-,Fotile America,,0.0
-,Wagner SprayTech,,0.0
-,Lanz Cabinets,,0.0
-,iMyFone,,0.0
-,Martin Furniture,,0.0
-,Poly-Wood,,0.0
-,Century Furniture,,0.0
-,Pampered Chef,,0.0
-,Obeetee,,0.0
-,MANA Products,,0.0
-,Optiled,,0.0
-,Orian Rugs,,0.0
-,Pink Zebra,,0.0
-,Buck Knives,,0.0
-,Breakout Games,,0.0
-,Epic Hong Kong Showroom,,0.0
-,UPLIFT Desk,,0.0
-,Sani Professional,,0.0
-,Horizon Group USA,,0.0
-,NomNomNow,,0.0
-,Zotos Professional,,0.0
-,Sennheiser,,0.0
-,Kai USA,,0.0
-,Easy Way Products,,0.0
-,Canyon Creek Cabinet,,0.0
-,Kent Moore Cabinets,,0.0
-,WB Manufacturing,,0.0
-,Cohere Beauty,,0.0
-,Burt's Bees,,0.0
-,Showplace Cabinetry,,0.0
-,Ventrac,,0.0
-,City Mattress,,0.0
-,Groupe Lacasse,,0.0
-,Warner Bros. Games,,0.0
-,Sherrill Furniture,,0.0
-,GILCHRIST & SOAMES,,0.0
-,Couristan,,0.0
-,Safco Products,,0.0
-,Bamboo Nature,,0.0
-,Pacific Coast Feather,,0.0
-,Kane's Furniture,,0.0
-,Kwalu,,0.0
-,SureFire,,0.0
-,Feelux Lighting,,0.0
-,Corsicana Mattress,,0.0
-,National Chain,,0.0
-,AC Lens,,0.0
-,Blendtec,,0.0
-,Pat McGrath Labs,,0.0
-,Learning Express,,0.0
-,Blistex,,0.0
-,HBF,,0.0
-,American Mattress,,0.0
-,Fairfield Chair,,0.0
-,Castelle,,0.0
-,Alex and Ani,,0.0
-,Bradington-Young,,0.0
-,Radiesse,,0.0
-,Superior Recreational Products,,0.0
-,Cornwell Quality Tools,,0.0
-,Italkraft,,0.0
-,Davines,,0.0
-,Horizons Window Fashions,,0.0
-,Alno,,0.0
-,Central Welding Supply Co. Inc,,0.0
-,Comfortex,,0.0
-,Perfume Holding,,0.0
-,Artefama Furniture,,0.0
-,Nucraft Furniture,,0.0
-,Farmina,,0.0
-,Interia Hospitality,,0.0
-,Hughes Furniture Industries,,0.0
-,Jo Malone,,0.0
-,Woof Gang Bakery,,0.0
-,Royal Doulton,,0.0
-,Lexington Home Brands,,0.0
-,Omega Cabinetry,,0.0
-,Estwing,,0.0
-,Crystal Cabinet Works,,0.0
-,SkinMedica,,0.0
-,Minka Group,,0.0
-,LOFTEK,,0.0
-,Oxo,,0.0
-,Physicians Formula,,0.0
-,Altrum,,0.0
-,Diana Pet Food,,0.0
-,Koleksiyon,,0.0
-,Tramontina USA,,0.0
-,AFB International,,0.0
-,"Char-Broil, LLC",,0.0
-,Channellock,,0.0
-,Shenzhen Huaqing Touch Control Technology,,0.0
-,Anhui AVID,,0.0
-,Barbosa Cabinets,,0.0
-,FOCO,,0.0
-,Holly Hunt,,0.0
-,Solarize Window Insulators,,0.0
-,Little Tikes,,0.0
-,Arden Companies,,0.0
-,Avedis Zildjian,,0.0
-,RAB Lighting,,0.0
-,FlexiSnake,,0.0
-,Metaltex,,0.0
-,Kirker Enterprises,,0.0
-,Wenger Feeds,,0.0
-,Monark Premium Appliance,,0.0
-,Republic Elite,,0.0
-,Vileda Professional,,0.0
-,RESTONIC,,0.0
-,Case Knives,,0.0
-,Kolcraft Enterprises,,0.0
-,Norcold,,0.0
-,Diamond Pet Foods,,0.0
-,Leedo,,0.0
-,Vanguard Furniture,,0.0
-,Foshan Sai Mei Te Sanitary Ware,,0.0
-,Furniture Mart USA,,0.0
-,Jonathan Louis,,0.0
-,Executive Cabinetry,,0.0
-,KingDetector.com,,0.0
-,Xiamen Tsingshan Display Fixtures,,0.0
-,Campbell Hausfeld,,0.0
-,Innovative Hearth Products,,0.0
-,Blackstone Products,,0.0
-,Grandview Products,,0.0
-,Tarte Cosmetics,,0.0
-,Alberto-Culver,,0.0
-,AHAVA,,0.0
-,Kittrich,,0.0
-,Reckitt,,0.0
-,The Original Mattress Factory,,0.0
-,Rainbow China,,0.0
-,Civilight,,0.0
-,Steinway Musical Instruments,,0.0
-,Cabot Wrenn,,0.0
-,J-Kraft,,0.0
-,Parachute,,0.0
-,Omnia Leather,,0.0
-,SMS InfoComm,,0.0
-,Masland Carpets,,0.0
-,Howard Miller,,0.0
-,Conceptual Lighting,,0.0
-,SATCO,,0.0
-,method,,0.0
-,Mackenzie-Childs,,0.0
-,Ameriwood Industries,,0.0
-,Bush Industries,,0.0
-,Braun Household,,0.0
-,Nordic Ware,,0.0
-,Marquis Industries,,0.0
-,Beach Organics Skincare,,0.0
-,Amerock,,0.0
-,Pedigree,,0.0
-,Raining Rose,,0.0
-,Great Neck Saw Manufacturers,,0.0
-,Juno Lighting Group,,0.0
-,Lowepro,,0.0
-,Dakota Watch,,0.0
-,Martin Professional,,0.0
-,Artco-Bell,,0.0
-,Hästens,,0.0
-,Plymold Essentials,,0.0
-,Denver Mattress,,0.0
-,Alaffia,,0.0
-,EZ Snap Direct,,0.0
-,Grand Home Furnishings,,0.0
-,Country Vet,,0.0
-,Holmes Products,,0.0
-,American Furniture Manufacturing,,0.0
-,Schick,,0.0
-,Dexter-Russell,,0.0
-,Hammock Boutique,,0.0
-,Smartmi,,0.0
-,Albany Industries,,0.0
-,Sauder Manufacturing Co,,0.0
-,Master WoodCraft Cabinetry,,0.0
-,Louisiana Grills,,0.0
-,Relax The Back,,0.0
-,ColourPop,,0.0
-,Phenix Flooring,,0.0
-,TY,,0.0
-,Stanley Tools,,0.0
-,ABCO Office Furniture,,0.0
-,GI Joe,,0.0
-,Ruggable,,0.0
-,Gravy Train,,0.0
-,Oxygen Development,,0.0
-,Proto Industrial Tools,,0.0
-,Precision Countertops,,0.0
-,The Legacy Cabinet,,0.0
-,Marsh Furniture,,0.0
-,Pianca,,0.0
-,Jelly Comb,,0.0
-,Peter Thomas Roth Labs,,0.0
-,Fun World Div./Easter Unlimited,,0.0
-,Carma Labs,,0.0
-,KITH Kitchens,,0.0
-,Kinder Bueno,,0.0
-,Pür Minerals,,0.0
-,Hoffman Cabinets,,0.0
-,HeimVision,,0.0
-,Kessil,,0.0
-,DevaCurl,,0.0
-,Bush Furniture,,0.0
-,Zhonglong Furniture,,0.0
-,The Spring Air,,0.0
-,Vintage Tradition,,0.0
-,QUILTCRAFT,,0.0
-,Peter Stone,,0.0
-,Calico Corners,,0.0
-,Zumtobel Group,,0.0
-,Spring Chef,,0.0
-,Beauty 21 Cosmetics,,0.0
-,Craftmaster Furniture,,0.0
-,Homemakers Furniture,,0.0
-,AGA Marvel,,0.0
-,McCreary Modern,,0.0
-,Bumble and bumble,,0.0
-,Jamison Bedding,,0.0
-,House of Tai Ping,,0.0
-,Livestock Nutrition Center,,0.0
-,Capri Blue,,0.0
-,The Northwest Group,,0.0
-,amika,,0.0
-,Electric Mirror,,0.0
-,Mountville Mills,,0.0
-,Lili Jewelry,,0.0
-,Stanton Sofas,,0.0
-,Weatherford Cushion,,0.0
-,Flash Furniture,,0.0
-,King Koil,,0.0
-,SeneGence,,0.0
-,Englewood LAB,,0.0
-,Bulova,,0.0
-,A.C. Furniture,,0.0
-,Roman & Sunstone,,0.0
-,Samkas Jewelry,,0.0
-,Victrix,,0.0
-,Diamond Products,,0.0
-,Just Play,,0.0
-,American Nutrition,,0.0
-,Western Idaho Cabinets,,0.0
-,Kratos Public Safety & Security Solutions,,0.0
-,Kenney Manufacturing,,0.0
-,COOLA Suncare,,0.0
-,La-Z-Boy of Arizona | EBCO,,0.0
-,Rush Mattress,,0.0
-,Mayo Manufacturing,,0.0
-,Serena & Lily,,0.0
-,Remo,,0.0
-,LEVOLOR,,0.0
-,Southerland,,0.0
-,Persil ProClean,,0.0
-,Woodland Cabinetry,,0.0
-,Measa Displays Mexico,,0.0
-,Architectural Lighting Works,,0.0
-,Max Home,,0.0
-,Kuvings,,0.0
-,Risingguitar,,0.0
-,Hartson-Kennedy,,0.0
-,Luzon Lighting,,0.0
-,Continental Commercial Products,,0.0
-,Bentley Mills,,0.0
-,Active Wow,,0.0
-,Seymour Midwest,,0.0
-,Wolf Camera,,0.0
-,JBI Interiors,,0.0
-,Nival,,0.0
-,Nuby USA,,0.0
-,iEGrow,,0.0
-,ArmorActive,,0.0
-,HLE lighting,,0.0
-,Playtex Products,,0.0
-,Cardell,,0.0
-,Holophane,,0.0
-,E. Gluck,,0.0
-,The Face Shop,,0.0
-,Vaughan Manufacturing,,0.0
-,ERG International,,0.0
-,Legacy Cabinets,,0.0
-,Kellex,,0.0
-,Smith Brothers,,0.0
-,Delta Children's Products,,0.0
-,Maruyama,,0.0
-,Williams Kitchen & Bath,,0.0
-,Sunex Tools,,0.0
-,Goodmirai Toys,,0.0
-,Alexanders Rugs,,0.0
-,Emerald Carpets,,0.0
-,Western Cabinets,,0.0
-,Actiu,,0.0
-,Crown Fixtures,,0.0
-,Tru Cabinetry,,0.0
-,B'iota Int,,0.0
-,Dormeo International,,0.0
-,Bliss,,0.0
-,3Form,,0.0
-,DIAMAN LED,,0.0
-,Filofax,,0.0
-,Whom Home,,0.0
-,American of Martinsville,,0.0
-,Ledquotations,,0.0
-,Drexel Heritage,,0.0
-,Countryside Cabinets,,0.0
-,Zelmer,,0.0
-,C and C Cabinetry,,0.0
-,Benedettini Cabinetry,,0.0
-,Sheds.com,,0.0
-,Hancock & Moore,,0.0
-,Gameshastra,,0.0
-,Caffco International,,0.0
-,Kingjoy,,0.0
-,AQForm,,0.0
-,Diam,,0.0
-,Www.motives7.com,,0.0
-,Stepevi,,0.0
-,Rexair,,0.0
-,Vankyo,,0.0
-,Primo Products,,0.0
-,Selloon,,0.0
-,S & J Cabinets,,0.0
-,GestLed,,0.0
-,Velocity Outdoor,,0.0
-,Husqvarna Construction North America,,0.0
-,Sharp NEC Display Solutions Division US,,0.0
-,Hewlett Packard Enterprise,,0.0
-,Seakeeper,,0.0
-,New Pig Corporation,,0.0
-,Breville Group,,0.0
-,Escalade Sports,,0.0
-,Bugaboo,,0.0
-,Ring,,0.0
-,MTI - Mobile Technologies Inc.,,0.0
-,Sweetwater,,0.0
-,Cybex International,,0.0
-,Wayfair,,0.0
-,Sole Fitness,,0.0
-,Target,,0.0
-,Flexsteel,,0.0
-,Whoop,,0.0
-,Quip,,0.0
-,COSCO SHIPPING,,0.0
-,Macy's,,0.0
-,Restoration Hardware,,0.0
-,Taylor,,0.0
-,Walmart,,0.0
-,14KARAT HOME,,0.0
-,AllModern,,0.0
-,Bacati,,0.0
-,Basicwise.com,,0.0
-,BCP,,0.0
-,Berlin Brands Group,,0.0
-,Bestier,,0.0
-,Better Houseware,,0.0
-,BikaHom,,0.0
-,Bins & Things,,0.0
-,B'iota Int,,0.0
-,Boss Office Products,,0.0
-,Brooklyn Bedding,,0.0
-,Brookside Homes,,0.0
-,BWE,,0.0
-,Child Craft,,0.0
-,Christopher Knight,,0.0
-,Collins,,0.0
-,Danya B,,0.0
-,Design Toscano,,0.0
-,Drymate,,0.0
-,Dynasty Mattress,,0.0
-,Fabato,,0.0
-,Fabulaxe,,0.0
-,Farmlyn Creek,,0.0
-,Flora Home,,0.0
-,George Oliver,,0.0
-,Gorilla Carts,,0.0
-,GPO Retro,,0.0
-,Green Touch Industries,,0.0
-,Guidecraft,,0.0
-,Hangman Products,,0.0
-,Harper Trucks,,0.0
-,Hastings Home,,0.0
-,Hekman,,0.0
-,Homlux,,0.0
-,iTouchless Housewares & Products,,0.0
-,Ivation,,0.0
-,Jokari,,0.0
-,Joss & Main,,0.0
-,Juggernaut Storage,,0.0
-,Kescas,,0.0
-,Lexicon Homes,,0.0
-,Linon,,0.0
-,Luxen Home,,0.0
-,Martha Stewart Living Omnimedia,,0.0
-,Master Massage Equipment,,0.0
-,MECO,,0.0
-,Merry Products,,0.0
-,Mind Reader,,0.0
-,Mistana,,0.0
-,Monoprice,,0.0
-,Mr Kate,,0.0
-,Nearly Natural,,0.0
-,Neatfreak,,0.0
-,Net Health Shops,,0.0
-,New Age Pet,,0.0
-,Nexera,,0.0
-,Nost Host,,0.0
-,Okuna Outpost,,0.0
-,Olivia May,,0.0
-,Olympia Tools,,0.0
-,Orbelle,,0.0
-,PiccoCasa,,0.0
-,Pillow Cube,,0.0
-,Plastic Development Group,,0.0
-,ProHeal,,0.0
-,Project 62,,0.0
-,Prosumer's Choice,,0.0
-,Ram Quality Products,,0.0
-,Real Flame,,0.0
-,RealRooms,,0.0
-,Rif6,,0.0
-,Rubbermaid,,0.0
-,Sersper,,0.0
-,Serweet,,0.0
-,Signature Sleep,,0.0
-,Split P,,0.0
-,Stakmore,,0.0
-,Studio McGee,,0.0
-,Sugift,,0.0
-,Sullivans,,0.0
-,Suncast,,0.0
-,Sweet Jojo Designs,,0.0
-,The Barvivo,,0.0
-,The Bianco Collection,,0.0
-,The Lakeside Collection,,0.0
-,The Novogratz,,0.0
-,Thrasio,,0.0
-,True Brands,,0.0
-,Twillery,,0.0
-,Upper Square,,0.0
-,Vintiquewise,,0.0
-,Vinyl Styl,,0.0
-,VIP International,,0.0
-,Viski,,0.0
-,Wow Atelier,,0.0
-,Yaheetech,,0.0
-,Yamaha Corporation of America,,0.0
-,24/7 Shop At Home,,0.0
-,A G Equipment,,0.0
-,Abbyson Living,,0.0
-,American Furniture Classics,,0.0
-,Americanflat,,0.0
-,Ameriwood Home,,0.0
-,Angelo,,0.0
-,Armarkat,,0.0
-,Armen Living,,0.0
-,Baxton Studio,,0.0
-,Birch Lane,,0.0
-,Boahaus,,0.0
-,Cheer Collection,,0.0
-,CorLiving Distribution,,0.0
-,Costway,,0.0
-,DHP Furniture,,0.0
-,Dream On Me,,0.0
-,eLuxury,,0.0
-,Fine Fixtures,,0.0
-,Foreside Home & Garden,,0.0
-,Furinno,,0.0
-,Furniture of America,,0.0
-,Gibson Overseas,,0.0
-,Go Pet Club,,0.0
-,G-Rack,,0.0
-,Greyleigh,,0.0
-,Gühring,,0.0
-,Hashtag Home,,0.0
-,Hästens,,0.0
-,Hodedah Import,,0.0
-,Home Essentials,,0.0
-,HomeCom,,0.0
-,Homelegance,,0.0
-,HomePop,,0.0
-,HON,,0.0
-,Hulala Home,,0.0
-,Inspire Q,,0.0
-,Jennifer Taylor Home,,0.0
-,Juvale,,0.0
-,Legacy Decor,,0.0
-,Lifestorey,,0.0
-,LumiSource,,0.0
-,Max and Lily,,0.0
-,Meelano,,0.0
-,ModernLuxe,,0.0
-,Modway Furniture,,0.0
-,Monarch Specialties,,0.0
-,MOUNT-IT,,0.0
-,National Public Seating,,0.0
-,NeuTypechic,,0.0
-,Oriental Furniture,,0.0
-,Park Designs,,0.0
-,Proman Products,,0.0
-,PYREX,,0.0
-,Room Dividers Now,,0.0
-,SAFAVIEH,,0.0
-,SafeRacks,,0.0
-,SONGMICS,,0.0
-,Storied Home,,0.0
-,Storkcraft Manufacturing,,0.0
-,Studio Designs,,0.0
-,Sweetpea Baby,,0.0
-,The Refined Feline,,0.0
-,Tribesigns,,0.0
-,Umbra,,0.0
-,Vecelo,,0.0
-,Wall Control Pegboard,,0.0
-,Whitmor,,0.0
-,Whole Housewares,,0.0
-,Wrought Studio,,0.0
-,Elkay,,0.0
-,THG,,0.0
-,Navy Exchange Service Command,,0.0
-,Cosmetica Laboratories,,0.0
-,Prose,,0.0
-,Chantecaille Beauté,,0.0
-,Sun Bum,,0.0
-,Ontex,,0.0
-,Ashley Furniture Industries,,0.0
-,Garden of Life,,0.0
-,Arc'teryx,,0.0
-,Tilly's,,0.0
-,TechStyle Fashion Group,,0.0
-,Ainsworth Game Technology,,0.0
-,Maurices,,0.0
-,Childrens Place,,0.0
-,Eileen Fisher,,0.0
-,Cole Haan,,0.0
-,Tecovas,,0.0
-,Therabody,,0.0
-,Bonobos,,0.0
-,ILIA Beauty,,0.0
-,UPPAbaby,,0.0
-,AllBirds,,0.0
-,Reformation,,0.0
-,Lilly Pulitzer,,0.0
-,Zwift,,0.0
-,Vera Bradley,,0.0
-,TOMS,,0.0
-,Vuori,,0.0
-,"Oakley, Inc.",,0.0
-,Fabletics,,0.0
-,S&S Activewear,,0.0
-,Rocky Brands,,0.0
-,Alphabroder,,0.0
-,Outdoor Cap,,0.0
-,Coach,,0.0
-,Rally House,,0.0
-,Ralph Lauren,,0.0
-,Nordstrom,,0.0
-,Victoria's Secret,,0.0
-,Gap Inc.,,0.0
-,CHANEL,,0.0
-,World Kinect,,0.0
-,Coppel,,0.0
-,DSW Shoe Warehouse,,0.0
-,DICK'S Sporting Goods,,0.0
-,Liverpool Mexico,,0.0
-,Ascena Retail Group,,0.0
-,SPARC Group,,0.0
-,Centric Brands,,0.0
-,PVH,,0.0
-,lululemon,,0.0
-,Bass Pro Shops,,0.0
-,Foot Locker,,0.0
-,Lululemon Athletica,,0.0
-,Epic Group,,0.0
-,The Exchange,,0.0
-,Forever21,,0.0
-,Tapestry,,0.0
-,Academy Sports + Outdoors,,0.0
-,Camping World,,0.0
-,HanesBrands,,0.0
-,Banana Republic,,0.0
-,Capri Holdings,,0.0
-,URBN,,0.0
-,Cabela's,,0.0
-,American Eagle Outfitters,,0.0
-,Urban Outfitters,,0.0
-,Abercrombie & Fitch,,0.0
-,Fanatics Inc,,0.0
-,Fanatics,,0.0
-,REI,,0.0
-,American Eagle,,0.0
-,Tailored Brands,,0.0
-,Designer Brands,,0.0
-,G-III Apparel Group,,0.0
-,Gildan Branded Apparel,,0.0
-,GIII,,0.0
-,Calvin Klein USA,,0.0
-,RadioShack,,0.0
-,Caleres,,0.0
-,Vestis,,0.0
-,Gymboree,,0.0
-,Talbots,,0.0
-,Guess,,0.0
-,Wrangler Jeans,,0.0
-,Ann Taylor,,0.0
-,Bosideng,,0.0
-,Lids,,0.0
-,Bon-Ton,,0.0
-,Genesco,,0.0
-,J.Crew,,0.0
-,Payless ShoeSource,,0.0
-,Giant Tiger,,0.0
-,Finish Line,,0.0
-,Chico's FAS,,0.0
-,Hot Topic,,0.0
-,National Stores,,0.0
-,Varsity Brands,,0.0
-,Rainbow,,0.0
-,Joe Fresh,,0.0
-,Bluestem Brands,,0.0
-,L.L.Bean,,0.0
-,Express,,0.0
-,Hibbett Sports,,0.0
-,Boot Barn,,0.0
-,The Hut,,0.0
-,Aritzia,,0.0
-,Scheels Sports,,0.0
-,Patagonia,,0.0
-,Sunglass Hut,,0.0
-,PacSun,,0.0
-,Men's Wearhouse,,0.0
-,Famous Footwear,,0.0
-,Reebok,,0.0
-,ALDO,,0.0
-,Dolce & Gabbana,,0.0
-,Boardriders,,0.0
-,El Palacio de Hierro,,0.0
-,Stitch Fix,,0.0
-,Oxford,,0.0
-,Barnes & Noble College,,0.0
-,Timberland,,0.0
-,Aeropostale,,0.0
-,Shoe Show,,0.0
-,Vans,,0.0
-,Eddie Bauer,,0.0
-,Quiksilver,,0.0
-,Shoe Show,,0.0
-,Kate Spade,,0.0
-,Dress Barn Online,,0.0
-,Charlotte Russe,,0.0
-,New York & Company,,0.0
-,Sportsman's Warehouse,,0.0
-,Rack Room Shoes,,0.0
-,Buckle,,0.0
-,Birkenstock,,0.0
-,Lucky Brand,,0.0
-,Shoe Carnival,,0.0
-,Torrid,,0.0
-,Amaya,,0.0
-,todds,,0.0
-,Armani Exchange,,0.0
-,The North Face,,0.0
-,Balfour,,0.0
-,Catherines,,0.0
-,Johnson Fitness & Wellness,,0.0
-,Revolve Group,,0.0
-,Tecnica Group Canada,,0.0
-,rue21,,0.0
-,Alstyle Apparel & Activewear,,0.0
-,Papaya Clothing,,0.0
-,Gordmans,,0.0
-,Spirit Halloween,,0.0
-,Kellwood Apparel,,0.0
-,Tumi,,0.0
-,Canada Goose,,0.0
-,Modell's Sporting Goods,,0.0
-,JOS. A. BANK CLOTHIERS,,0.0
-,Claire's,,0.0
-,Chisty Tex,,0.0
-,Glen Raven,,0.0
-,Mark's,,0.0
-,Charming Charlie,,0.0
-,Big 5 Sporting Goods,,0.0
-,Zumiez,,0.0
-,Tom James Company,,0.0
-,About You,,0.0
-,SanMar,,0.0
-,HSN,,0.0
-,Anthropologie,,0.0
-,Buffalo Jeans,,0.0
-,Converse,,0.0
-,Ardene,,0.0
-,Hollingsworth & Vose,,0.0
-,Vita Couture,,0.0
-,Molten,,0.0
-,PGA TOUR Superstore,,0.0
-,Groupe Boucher Sports,,0.0
-,Capelli New York,,0.0
-,Standard Textile Co.,,0.0
-,Dallas Cowboys,,0.0
-,One Jeanswear Group,,0.0
-,Sportsman's Warehouse,,0.0
-,Lane Bryant,,0.0
-,Champs Sports,,0.0
-,KEEN,,0.0
-,Velcro,,0.0
-,SSENSE,,0.0
-,Citi Trends,,0.0
-,Carolina Herrera,,0.0
-,INDOCHINO,,0.0
-,Jollychic,,0.0
-,Free People,,0.0
-,Groupe Dynamite,,0.0
-,Dickies,,0.0
-,Francesca's,,0.0
-,Fleet Farm,,0.0
-,Cato,,0.0
-,Cotton,,0.0
-,Marc Jacobs,,0.0
-,Vineyard Vines,,0.0
-,BCBGMAXAZRIAGROUP,,0.0
-,Rubies Costume Company,,0.0
-,Brighton Collectibles,,0.0
-,King Power Safety Canada,,0.0
-,Dioz Group,,0.0
-,Von Maur,,0.0
-,Furla,,0.0
-,VF Imagewear,,0.0
-,Tom Ford,,0.0
-,Galls,,0.0
-,AstenJohnson,,0.0
-,Duluth Trading Co.,,0.0
-,Ashley Stewart,,0.0
-,Impuls,,0.0
-,West Marine,,0.0
-,BSN Sports,,0.0
-,Hangers Plus,,0.0
-,Justice,,0.0
-,Evereve,,0.0
-,Family Leisure,,0.0
-,Mundo Terra,,0.0
-,J. Jill,,0.0
-,Uniform Advantage,,0.0
-,St. John Knits,,0.0
-,Sree Santhosh Group,,0.0
-,Nine West,,0.0
-,Athleta,,0.0
-,J Polep Distribution Services,,0.0
-,Superior Pool Products,,0.0
-,Sotheby's,,0.0
-,Carmen Steffens,,0.0
-,JustFab,,0.0
-,Unifi,,0.0
-,"Distribuidora Flexi, SA De CV",,0.0
-,Reitmans (Canada) Ltd,,0.0
-,YONEX,,0.0
-,C&A Mexico S de RL,,0.0
-,SGC,,0.0
-,Rue Gilt Groupe,,0.0
-,YM,,0.0
-,Altar'd State,,0.0
-,The RealReal,,0.0
-,Hart Schaffner Marx,,0.0
-,Ropa Siete Leguas SA de CV,,0.0
-,Zappos,,0.0
-,Osklen,,0.0
-,Aerosoles,,0.0
-,Ricki's,,0.0
-,aka Brands,,0.0
-,FIGS,,0.0
-,Renfro,,0.0
-,DXL,,0.0
-,Simons,,0.0
-,Earthbound Trading,,0.0
-,Canali,,0.0
-,Rue La La,,0.0
-,Wakefield's,,0.0
-,Propper International,,0.0
-,Skims,,0.0
-,Quantico Tactical,,0.0
-,A'GACI,,0.0
-,Anvil by Gildan,,0.0
-,Endless Surf,,0.0
-,Reitmans,,0.0
-,Ekouaer,,0.0
-,Hemsa,,0.0
-,United Colors of Benetton,,0.0
-,Perry Ellis International,,0.0
-,Fine Canvas Prints,,0.0
-,Destination XL Group,,0.0
-,Women,,0.0
-,Conforpie,,0.0
-,Tommy Bahama,,0.0
-,Soft Surroundings,,0.0
-,Underdog Global Sports,,0.0
-,Lulus,,0.0
-,Deep Blue Seafood,,0.0
-,Rogan's Shoes,,0.0
-,Tanger Outlets,,0.0
-,Grupo Axo,,0.0
-,LYCRA,,0.0
-,The Athlete's Foot,,0.0
-,Baby Creysi,,0.0
-,Knees and Toes,,0.0
-,Cotton Ginny,,0.0
-,Community Arts Ontario,,0.0
-,LTR Sports,,0.0
-,Hari Darshan,,0.0
-,HENRIPAUL Professional Scrubs,,0.0
-,For Joseph,,0.0
-,Walter E. Nelson Co.,,0.0
-,Lolly-tots,,0.0
-,Cupid Foundations,,0.0
-,Nothing But Style,,0.0
-,Perfect Shirt,,0.0
-,New Era Cap,,0.0
-,Brandname,,0.0
-,Tory Burch,,0.0
-,Dunham's Sports,,0.0
-,Century 21 Department Stores,,0.0
-,Shoe Sensation,,0.0
-,Spinrite,,0.0
-,Gokaldas Images,,0.0
-,Triathanewbie.com,,0.0
-,HNizam Din & Sons Pvt,,0.0
-,Wet Seal,,0.0
-,Shasa,,0.0
-,Laura Canada,,0.0
-,Paramount Headwear,,0.0
-,Duvaltex,,0.0
-,Topson Downs,,0.0
-,ABEO Footwear,,0.0
-,Delta,,0.0
-,Easton Archery,,0.0
-,Augusta Sportswear Brands,,0.0
-,Kayser-Roth Corporation,,0.0
-,Boden US,,0.0
-,Haggar Clothing,,0.0
-,Soma,,0.0
-,DanOn,,0.0
-,Bergdorf Goodman,,0.0
-,Houston Fixed Gear,,0.0
-,Totes,,0.0
-,Motherhood Maternity,,0.0
-,Outwear (BD) Garments,,0.0
-,Fashion Nova,,0.0
-,Bob's Stores,,0.0
-,SoftMoc,,0.0
-,"Oriental Products & trading Co., Inc",,0.0
-,The Prudential Overall Supply,,0.0
-,Juicy Couture,,0.0
-,Golf Town Canada,,0.0
-,Cavender's Out Of State Stores,,0.0
-,Jockey,,0.0
-,WSS,,0.0
-,Weyco Group,,0.0
-,Poshmark,,0.0
-,Ellos,,0.0
-,Empresas ADOC,,0.0
-,Pure Hockey,,0.0
-,Hope Global,,0.0
-,Janie and Jack,,0.0
-,Mountain Sports Club,,0.0
-,Marypaz,,0.0
-,Orvis,,0.0
-,J.Hilburn,,0.0
-,Grunt Style,,0.0
-,ESCADA Online,,0.0
-,Shawmut Corporation,,0.0
-,Printful,,0.0
-,Kalogerou,,0.0
-,Honest,,0.0
-,Randa Accessories,,0.0
-,Mavi,,0.0
-,Vince,,0.0
-,Bilsar,,0.0
-,General RV Center,,0.0
-,Gearco,,0.0
-,Mason Companies,,0.0
-,Landau Uniforms,,0.0
-,Bella + Canvas,,0.0
-,Tru-Spec,,0.0
-,Fanzz Sports Apparel,,0.0
-,Sport Chek,,0.0
-,Garanimals,,0.0
-,Pazolini,,0.0
-,Cone Denim,,0.0
-,Franklin Sports,,0.0
-,TSC Apparel,,0.0
-,Claire's Accessories #6433,,0.0
-,Rent the Runway,,0.0
-,HornerXpress,,0.0
-,Spector & Co,,0.0
-,Hollister,,0.0
-,Polartec LLC,,0.0
-,EMS,,0.0
-,H.H. Brown,,0.0
-,Babylist,,0.0
-,La Mesa RV,,0.0
-,San Antonio Shoemakers,,0.0
-,Elie Tahari,,0.0
-,Fiberweb,,0.0
-,The Walking Company,,0.0
-,CBI Distributing,,0.0
-,Frontier Spinning Mills,,0.0
-,W.C. Bradley Co.,,0.0
-,Everything But Water,,0.0
-,Service Wear Apparel,,0.0
-,Kenneth Cole,,0.0
-,Advanced Turf Solutions,,0.0
-,Thirty-One,,0.0
-,Guilford Performance Textiles,,0.0
-,The New Yorker,,0.0
-,Johnston & Murphy,,0.0
-,Trivium.ca,,0.0
-,Highland Industries,,0.0
-,Scrubs & Beyond,,0.0
-,Flexon,,0.0
-,Wilsons Leather,,0.0
-,PIM Brands,,0.0
-,Ait Resources,,0.0
-,Gobi,,0.0
-,Propex,,0.0
-,Valdese Weavers,,0.0
-,Temu,,0.0
-,Pendleton,,0.0
-,Colchas Mexico SA De CV,,0.0
-,K&g,,0.0
-,Innovasport,,0.0
-,Nautica,,0.0
-,Volcom,,0.0
-,Specialty Sports Venture,,0.0
-,Christopher & Banks,,0.0
-,Visconti Garment Hangers,,0.0
-,Limited Too,,0.0
-,Precision Fabrics Group,,0.0
-,Factory Connection,,0.0
-,BonWorth,,0.0
-,Totes Isotoner,,0.0
-,Gilt,,0.0
-,Ditech Apparel Group,,0.0
-,American Apparel,,0.0
-,Western Power Sports,,0.0
-,Justin Brands,,0.0
-,Town & Country Living,,0.0
-,Adore Me,,0.0
-,Venus,,0.0
-,Just Cozy,,0.0
-,UNTUCKit,,0.0
-,Avayo Electronics Canada,,0.0
-,Santory,,0.0
-,Capa de Ozono,,0.0
-,"Brownells, Inc.",,0.0
-,Inman Mills,,0.0
-,Lord & Taylor,,0.0
-,Mount Vernon Mills,,0.0
-,Merrell,,0.0
-,BGF Industries,,0.0
-,Bike Line,,0.0
-,QST Industries,,0.0
-,Intrigue,,0.0
-,True Religion,,0.0
-,Cobra Golf,,0.0
-,Duloren,,0.0
-,Bombas,,0.0
-,Moores Clothing for Men,,0.0
-,ModCloth,,0.0
-,Grafton Apparel,,0.0
-,5.11 Tactical,,0.0
-,Northern Reflections,,0.0
-,Sail,,0.0
-,Shinewide Shoes,,0.0
-,Smith Optics,,0.0
-,Vf Outdoor,,0.0
-,Arlisman,,0.0
-,Sierra,,0.0
-,Haddad Apparel Group,,0.0
-,Culp,,0.0
-,OpticsPlanet,,0.0
-,Gerber Childrenswear,,0.0
-,Hybrid Apparel,,0.0
-,Jerry Leigh,,0.0
-,The Wool Studio,,0.0
-,Careismatic Brands,,0.0
-,Greenbridge,,0.0
-,Pure Romance,,0.0
-,Mainland Headwear Holdings Limited,,0.0
-,Precision Point Firearms,,0.0
-,Moda Operandi,,0.0
-,Bootlegger,,0.0
-,Lebanon Seaboard,,0.0
-,DTLR VILLA,,0.0
-,Harry Rosen,,0.0
-,David's Bridal,,0.0
-,DKNY,,0.0
-,Versona,,0.0
-,Premier Golf Distributors,,0.0
-,Browns,,0.0
-,Finotex,,0.0
-,Roots,,0.0
-,Destination Maternity,,0.0
-,Alice + Olivia,,0.0
-,Cleveland Cavaliers Youth Sports,,0.0
-,Comfort Colors,,0.0
-,Komar,,0.0
-,Road Runner Sports,,0.0
-,Cleveland Golf,,0.0
-,Pirma,,0.0
-,Rawlings,,0.0
-,Cache,,0.0
-,Wilkins Solutions Enterprises,,0.0
-,SportVision,,0.0
-,Bedlam Street Creative,,0.0
-,Juju Footwear Group,,0.0
-,Saitex International,,0.0
-,Hamrick's,,0.0
-,Golf Galaxy,,0.0
-,MoneyGram,,0.0
-,LaCrosse Footwear,,0.0
-,Chef Works,,0.0
-,WorldWide Golf,,0.0
-,American Outdoor Brands,,0.0
-,Affliction Clothing,,0.0
-,The Western,,0.0
-,Italika Irapuato,,0.0
-,Prym Consumer USA,,0.0
-,University Tees,,0.0
-,Kindthread,,0.0
-,Amerex Group,,0.0
-,The Antigua Group,,0.0
-,Bubba's Paintball,,0.0
-,Netshoes,,0.0
-,Toka Mexico,,0.0
-,Coldwater Creek,,0.0
-,Pish Posh,,0.0
-,Eclipse Stores Inc.,,0.0
-,Rudsak,,0.0
-,Discountmugs.com,,0.0
-,Marshall Retail Group,,0.0
-,Coppley,,0.0
-,"Grupo Industrial Miro, SA de CV",,0.0
-,And Other Stories,,0.0
-,Covercraft,,0.0
-,Ammar Belal,,0.0
-,Mailbox Forwarding,,0.0
-,Heckler & Koch USA,,0.0
-,Stitch It,,0.0
-,Dportenis,,0.0
-,FlyingPeas,,0.0
-,Mag Instrument,,0.0
-,Lafayette Interior Fashions,,0.0
-,U.S. Cotton,,0.0
-,Point Blank Enterprises,,0.0
-,Springfield Armory,,0.0
-,Maggy London International,,0.0
-,Allen Edmonds,,0.0
-,Gq Sports,,0.0
-,Jordache,,0.0
-,BioWorld,,0.0
-,Fox Racing,,0.0
-,FULLBEAUTY,,0.0
-,Lakeshirts,,0.0
-,Ella Moss,,0.0
-,Stanfield's,,0.0
-,Manhattan Beachwear,,0.0
-,Rad Power Bikes,,0.0
-,DivingGlobal,,0.0
-,Byer California,,0.0
-,Univ,,0.0
-,Venus Group,,0.0
-,Cycling Sports Group,,0.0
-,Morbern,,0.0
-,STI Fabrics,,0.0
-,RAJ Swim,,0.0
-,DrJays,,0.0
-,Maggie Sottero,,0.0
-,Giosis Mecoxlane,,0.0
-,Cincinnati Chess Club,,0.0
-,Sweet Peanut,,0.0
-,Dover Saddlery,,0.0
-,Spanx,,0.0
-,North 40 Outfitters,,0.0
-,Almond Footwear,,0.0
-,Vickerey,,0.0
-,Waygit,,0.0
-,Dtrt Apparel,,0.0
-,Dealmoon,,0.0
-,Bare Necessities,,0.0
-,National Spinning Company,,0.0
-,Good American,,0.0
-,Pelican,,0.0
-,Marmaxx Operating,,0.0
-,Hurley,,0.0
-,Turner's Outdoorsman,,0.0
-,Enchanted Costumes,,0.0
-,Black Diamond Equipment,,0.0
-,Naturalizer Pen Centre,,0.0
-,BOTH,,0.0
-,BRENTWOOD ORIGINALS,,0.0
-,Ouchhh,,0.0
-,Red Kap,,0.0
-,Blue84,,0.0
-,Mundi Westport,,0.0
-,Out of Print,,0.0
-,Koos Manufacturing,,0.0
-,Mercado Shops,,0.0
-,AMMO,,0.0
-,Lascana,,0.0
-,Retail Concepts,,0.0
-,GOAT Group,,0.0
-,The Row,,0.0
-,Alphalete Athletics LLC,,0.0
-,Billabong,,0.0
-,Leimere,,0.0
-,Grupo Vanity,,0.0
-,Athenas Home Novelties,,0.0
-,Sneaker Villa,,0.0
-,Hwaseung,,0.0
-,Hoss Intropia,,0.0
-,Sunny Co Clothing,,0.0
-,WinCraft,,0.0
-,Solstice Sunglasses,,0.0
-,Grupo Bamex SA de CV,,0.0
-,Kitty Hawk Kites,,0.0
-,Sports Fan Island,,0.0
-,Schuylkill Valley Sports,,0.0
-,Forrest & Harold,,0.0
-,Sport Supply Group,,0.0
-,BabyMallOnline,,0.0
-,The Warnaco Group,,0.0
-,Firmoo Online Optical Store,,0.0
-,L & R Sports,,0.0
-,Sportium,,0.0
-,Medi USA,,0.0
-,G.H. Bass,,0.0
-,Jones Apparel Group,,0.0
-,Dr Pepper Snapple Group Uniform Store,,0.0
-,Travelpro International,,0.0
-,STUART WEITZMAN,,0.0
-,West 49,,0.0
-,STX,,0.0
-,Sockwell Socks,,0.0
-,Servicios Corporativos Melody-Milano,,0.0
-,Vantage Apparel,,0.0
-,Tradehome Shoes,,0.0
-,Hyperice,,0.0
-,Robinson Manufacturing,,0.0
-,Bealls Outlet Stores,,0.0
-,ONIX Pickleball,,0.0
-,Llano de la Torre,,0.0
-,Hunters Specialties,,0.0
-,Ecko,,0.0
-,Fastup,,0.0
-,Paradigm Industries,,0.0
-,Kamik,,0.0
-,Delsey,,0.0
-,La Senza,,0.0
-,Riddell,,0.0
-,Alpinestars,,0.0
-,Fabricut,,0.0
-,South Moon Under,,0.0
-,Tm Designworks,,0.0
-,Rothco,,0.0
-,Fred David,,0.0
-,Public Bikes,,0.0
-,TST Business Solutions,,0.0
-,National Defense Corp,,0.0
-,Nom de Guerre,,0.0
-,Buckmans,,0.0
-,Lavartex,,0.0
-,Maille Club Group,,0.0
-,Mizuno Korea,,0.0
-,AmeriMark,,0.0
-,Diunsa,,0.0
-,MV Sport,,0.0
-,Proenza Schouler,,0.0
-,ES Originals,,0.0
-,Horace Small,,0.0
-,Salt Life,,0.0
-,Christy Sports,,0.0
-,Talize,,0.0
-,Phat Farm,,0.0
-,Chrome Hearts,,0.0
-,Crosman,,0.0
-,Karmaloop,,0.0
-,K-Swiss,,0.0
-,La Vie En Rose,,0.0
-,Houston Astros,,0.0
-,Mister Tennis,,0.0
-,Castania Nuts,,0.0
-,Primary Arms,,0.0
-,Union Supply Group,,0.0
-,Majestic Glove,,0.0
-,Dynacraft Wheels,,0.0
-,Majestic Athletic,,0.0
-,Lady Foot Locker,,0.0
-,American Automotive,,0.0
-,Thomas Golf,,0.0
-,ROKA Sports,,0.0
-,Goat,,0.0
-,Brandy Melville,,0.0
-,Birks Group,,0.0
-,Tip Top Tux,,0.0
-,Mariscal Moda Hombre SA de CV,,0.0
-,Thanh Cong Textile Garment Investment Trading Joint Stock Company,,0.0
-,RG Barry,,0.0
-,BeBelle,,0.0
-,Manolo Blahnik International,,0.0
-,Everlane,,0.0
-,Final-Score,,0.0
-,OneCoast,,0.0
-,7 For All Mankind,,0.0
-,MidwayUSA,,0.0
-,Lakeland Industries,,0.0
-,Cielo Hammocks,,0.0
-,OOBE,,0.0
-,The XXIO,,0.0
-,Rag & Bone,,0.0
-,"Lactoproductos La Loma, SA de CV",,0.0
-,Shoe Station,,0.0
-,Secure Capital Holdings,,0.0
-,Steel Grip,,0.0
-,RTIC,,0.0
-,Balance Canada,,0.0
-,Frank And Oak,,0.0
-,FAMBrands,,0.0
-,CamelBak,,0.0
-,Peerless Clothing,,0.0
-,XDS Bicycles,,0.0
-,Jerash Holdings,,0.0
-,Yumi Kim,,0.0
-,Superior Glove,,0.0
-,Sports Experts,,0.0
-,Fishers,,0.0
-,Frattina,,0.0
-,Core Health & Fitness,,0.0
-,Ariat,,0.0
-,MGF Sourcing,,0.0
-,Town Team,,0.0
-,Kill City,,0.0
-,Marty's #095,,0.0
-,OA SA de CV,,0.0
-,Kimber Manufacturing,,0.0
-,FILA USA,,0.0
-,Touch of Modern,,0.0
-,Lafayette 148,,0.0
-,Springtex International,,0.0
-,Synapse Partners,,0.0
-,Frame,,0.0
-,Umarex USA,,0.0
-,Moose Knuckles International,,0.0
-,Diva Girl Enterprises,,0.0
-,Groove Life,,0.0
-,Gsm - Group,,0.0
-,Trivantage,,0.0
-,Matrix Fitness,,0.0
-,Aviator Nation,,0.0
-,Rothy's,,0.0
-,Seaman Corporation,,0.0
-,Winners Merchants International,,0.0
-,Bella Bridesmaids,,0.0
-,HomeParty Rep,,0.0
-,Good Feet Worldwide,,0.0
-,Hemline,,0.0
-,Pull-Ups.com,,0.0
-,Woom Bikes USA,,0.0
-,Wolford,,0.0
-,Indus Apparel,,0.0
-,Doc & Mark,,0.0
-,Product City,,0.0
-,Marmot Mountain,,0.0
-,John Varvatos,,0.0
-,Intermix,,0.0
-,SnugZ USA,,0.0
-,Motives International,,0.0
-,Life Is Good,,0.0
-,Palmetto Moon,,0.0
-,Active Ride Shop,,0.0
-,Integrated Fabric Resource,,0.0
-,Luke's Locker,,0.0
-,Cap Yarns,,0.0
-,American Ordnance,,0.0
-,Blue Falls Manufacturing,,0.0
-,Izod,,0.0
-,Amnesia,,0.0
-,BonLook,,0.0
-,Blauer,,0.0
-,T.J. Maxx,,0.0
-,Jasmine Bridal,,0.0
-,FoodHandler,,0.0
-,Victoria's Secret PINK at UTDallas,,0.0
-,Trend Marketing,,0.0
-,The Bradford Exchange,,0.0
-,Society for Rational Dress,,0.0
-,RevZilla,,0.0
-,Nb Naperville,,0.0
-,MK Collab,,0.0
-,Gaspard,,0.0
-,Alba clothings,,0.0
-,Hickey Freeman,,0.0
-,Dck Group,,0.0
-,City Sports,,0.0
-,The Moret Group,,0.0
-,Liz Minelli,,0.0
-,Tommy John,,0.0
-,Sun & Ski,,0.0
-,Guilford of Maine,,0.0
-,Grabasa,,0.0
-,Unilever,,0.0
-,Beats by Dr. Dre,,0.0
-,KIK Consumer Products,,0.0
-,Lancer,,0.0
-,Fluidra,,0.0
-,Costco Wholesale,,0.0
-,Kroger,,0.0
-,Unilever USA,,0.0
-,Sam's Club,,0.0
-,Walt Disney World Resort,,0.0
-,Jewel-Osco Floral,,0.0
-,Jewel-Osco,,0.0
-,Dollar General,,0.0
-,Ross Stores,,0.0
-,Meijer,,0.0
-,BJ's Wholesale Club,,0.0
-,Tractor Supply Co.,,0.0
-,Food Lion,,0.0
-,Trader Joe's,,0.0
-,Menards,,0.0
-,Stop & Shop,,0.0
-,99 CENTS ONLY STORES,,0.0
-,FAMILY DOLLAR,,0.0
-,Hy-Vee,,0.0
-,Nova Lifestyle,,0.0
-,Chow Tai Fook Jewellery,,0.0
-,Wegmans,,0.0
-,Giant Eagle,,0.0
-,JCPenney,,0.0
-,Michaels Stores,,0.0
-,WinCo Foods,,0.0
-,ToysRUs,,0.0
-,PetSmart,,0.0
-,Southeastern Grocers,,0.0
-,Winn-Dixie,,0.0
-,Ace Hardware,,0.0
-,The Pokemon Company International,,0.0
-,Office Depot,,0.0
-,Fred Meyer,,0.0
-,Staples,,0.0
-,Williams-Sonoma,,0.0
-,Goodwill Industries International,,0.0
-,Sprouts Farmers Market,,0.0
-,84 Lumber,,0.0
-,Harris Teeter,,0.0
-,Dillard's,,0.0
-,Saks Fifth Avenue,,0.0
-,Coca-Cola Consolidated,,0.0
-,Market Basket,,0.0
-,Shaw's,,0.0
-,Petco Animal Supplies,,0.0
-,Bed Bath & Beyond,,0.0
-,Dr Pepper,,0.0
-,Ingles Markets,,0.0
-,Harbor Freight Tools,,0.0
-,ALDI USA,,0.0
-,Chedraui USA,,0.0
-,JS Global,,0.0
-,King Soopers,,0.0
-,PriceSmart,,0.0
-,Weis Markets,,0.0
-,Save-A-Lot,,0.0
-,Hannaford Bros. Co.,,0.0
-,Big Lots,,0.0
-,Central Pet,,0.0
-,Marshalls,,0.0
-,Raley's,,0.0
-,Mattress Firm,,0.0
-,Floor & Decor,,0.0
-,Save Mart Supermarkets,,0.0
-,Giant Food,,0.0
-,Grocery Outlet,,0.0
-,Stater Bros. Markets,,0.0
-,United Supermarkets,,0.0
-,Rooms To Go,,0.0
-,BlueTriton Brands,,0.0
-,Amorepacific US,,0.0
-,Ralphs,,0.0
-,Fry's Food Stores,,0.0
-,Saputo Cheese USA,,0.0
-,Belk,,0.0
-,Schwan's Company,,0.0
-,Instacart,,0.0
-,Smart & Final Stores,,0.0
-,Coca Cola Bottling United,,0.0
-,Food City,,0.0
-,Tops Markets,,0.0
-,Faire,,0.0
-,Kum & Go,,0.0
-,"Bealls, Inc.",,0.0
-,Kmart,,0.0
-,Energizer Holdings,,0.0
-,PC Connection,,0.0
-,The Save Mart Companies,,0.0
-,Houchens Industries,,0.0
-,Ahold Delhaize USA,,0.0
-,WK Kellogg,,0.0
-,Red Bull North America,,0.0
-,Fareway Stores,,0.0
-,Micro Center,,0.0
-,Big Y Foods,,0.0
-,VICTRA,,0.0
-,Dillons,,0.0
-,Heritage Grocers Group,,0.0
-,Whole Foods Market,,0.0
-,Village Supermarket,,0.0
-,Ollie's Bargain Outlet,,0.0
-,Price Chopper,,0.0
-,True Value,,0.0
-,Reddy Ice,,0.0
-,Pet Supplies Plus,,0.0
-,MAC Cosmetics,,0.0
-,Stein Mart,,0.0
-,Aaron's,,0.0
-,Crumbl Cookies,,0.0
-,Penguin Random House,,0.0
-,Lowes Foods,,0.0
-,The Fresh Market,,0.0
-,Sears,,0.0
-,Coca-Cola Beverages Florida,,0.0
-,Supervalu,,0.0
-,hhgregg,,0.0
-,McCoy's Building Supply,,0.0
-,Fiesta Mart,,0.0
-,Books-A-Million,,0.0
-,Cub,,0.0
-,At Home,,0.0
-,Pepperidge Farm,,0.0
-,Philz Coffee,,0.0
-,Blue Diamond Growers,,0.0
-,Bashas',,0.0
-,Overstock.com,,0.0
-,Newegg,,0.0
-,Rouses Markets,,0.0
-,Zales,,0.0
-,Duty Free Americas,,0.0
-,Roses Discount Stores,,0.0
-,Marc's,,0.0
-,Vallarta Supermarkets,,0.0
-,Hiland Dairy Foods,,0.0
-,Lands' End,,0.0
-,Bob's Discount Furniture,,0.0
-,Celsius,,0.0
-,Braum's,,0.0
-,Harps Food Stores,,0.0
-,Gabe's,,0.0
-,HMart,,0.0
-,Conn's,,0.0
-,Allegheny City Brewing,,0.0
-,Eataly,,0.0
-,Premium Waters,,0.0
-,Boscov's Department Store,,0.0
-,Buffalo Rock,,0.0
-,Natural Grocers,,0.0
-,Ocean State Job Lot,,0.0
-,Mercari,,0.0
-,Helzberg Diamonds a Berkshire Hathaway Company,,0.0
-,Bi-Mart,,0.0
-,Northgate Market,,0.0
-,Associated Food Stores,,0.0
-,BLICK,,0.0
-,Fairway Market,,0.0
-,Nebraska Furniture Mart,,0.0
-,Central Market,,0.0
-,Tito's Handmade Vodka,,0.0
-,URM Stores,,0.0
-,Swisher,,0.0
-,ShopNBC,,0.0
-,Oettinger Davidoff,,0.0
-,Red Bull Distribution,,0.0
-,See's Candies,,0.0
-,Libbey,,0.0
-,Superior Grocers,,0.0
-,Jostens,,0.0
-,Hanover,,0.0
-,Godiva,,0.0
-,Omaha Steaks,,0.0
-,City Furniture,,0.0
-,T & T Asian Market,,0.0
-,T Marzetti,,0.0
-,Buffalo Wild Wings,,0.0
-,American Freight Furniture-Mattress,,0.0
-,Roche Bros.,,0.0
-,LALA U.S.,,0.0
-,Audible,,0.0
-,Pet Supermarket,,0.0
-,Admiral Beverage,,0.0
-,Clarins USA,,0.0
-,Bolthouse Farms,,0.0
-,Land O'Frost,,0.0
-,Madewell,,0.0
-,G&J Pepsi,,0.0
-,Earth Fare,,0.0
-,World Market,,0.0
-,LL Flooring,,0.0
-,Fresh Express,,0.0
-,Harmons Grocery,,0.0
-,Fresh Thyme,,0.0
-,Dunn-Edwards,,0.0
-,Dierbergs Markets,,0.0
-,a2 Milk,,0.0
-,LIDL US,,0.0
-,Value City Furniture Inc,,0.0
-,Blommer Chocolate Company,,0.0
-,Amy's,,0.0
-,Harlan Bakeries,,0.0
-,Buddig,,0.0
-,Schmidt Baking,,0.0
-,Westrock Coffee,,0.0
-,Ghirardelli Chocolate,,0.0
-,Festival Foods,,0.0
-,Woodman's Market,,0.0
-,GT's Living Foods,,0.0
-,Van Heusen Factory Outlet Store,,0.0
-,King Kullen Grocery Co.,,0.0
-,Schuman Cheese,,0.0
-,Westlake Hardware,,0.0
-,Heinen's,,0.0
-,Cinnabon,,0.0
-,Woodman's Market,,0.0
-,Niemann Foods Inc dba County Market,,0.0
-,Half Price Books,,0.0
-,Oriental Trading Company,,0.0
-,Tuesday Morning,,0.0
-,Linens 'n Things,,0.0
-,Redner's Markets,,0.0
-,Curacao,,0.0
-,Tootsie Roll,,0.0
-,Polar Beverages,,0.0
-,Oak Farms Dairy,,0.0
-,Buddy's Home Furnishings,,0.0
-,General Beverage,,0.0
-,Shop LC,,0.0
-,Pier 1 Imports,,0.0
-,American Signature Furniture,,0.0
-,Ben & Jerry's,,0.0
-,H&S Bakery,,0.0
-,Food Giant,,0.0
-,Tropicana Brands Group,,0.0
-,Darigold,,0.0
-,Reyes Coca-Cola Bottling,,0.0
-,Russell Stover Candies,,0.0
-,Leaf Home,,0.0
-,The Wine Group,,0.0
-,The Heineken,,0.0
-,Heaven Hill Brands,,0.0
-,Tillamook,,0.0
-,Lifetime Brands,,0.0
-,Balls Foods,,0.0
-,JAKKS Pacific,,0.0
-,Living Spaces,,0.0
-,Herr's,,0.0
-,Welch's,,0.0
-,Panasonic Europe,,0.0
-,Gelson's,,0.0
-,LUND FOOD HOLDINGS,,0.0
-,Imperial Sugar Company,,0.0
-,P3 Portable Protein Pack,,0.0
-,Lakeside Foods,,0.0
-,Bumble Bee Seafoods Company,,0.0
-,Food Bazaar Supermarket,,0.0
-,Sedano's Supermarkets,,0.0
-,Villiger,,0.0
-,P.C. Richard & Son,,0.0
-,Edible Arrangements,,0.0
-,Strack & Van Til,,0.0
-,The Krusteaz Company,,0.0
-,Blue Star Diamonds,,0.0
-,Pillsbury,,0.0
-,Great Lakes Wine & Spirits,,0.0
-,Staples Advantage,,0.0
-,Furniture Row,,0.0
-,HomeSense,,0.0
-,Foremost Farms USA,,0.0
-,Tropicale Foods,,0.0
-,Byrne Dairy,,0.0
-,Mizkan Americas,,0.0
-,New Seasons Market,,0.0
-,Super One Foods,,0.0
-,Horizon Beverage,,0.0
-,Pernod Ricard USA,,0.0
-,Bama Companies,,0.0
-,Trinchero Family Estates,,0.0
-,Delicato Family Vineyards,,0.0
-,Bricktown Brewery,,0.0
-,Gilt City Warehouse Sale,,0.0
-,United Furniture,,0.0
-,Coast Guard Exchange,,0.0
-,Appliance Traders,,0.0
-,Foodland,,0.0
-,Bay Valley Foods,,0.0
-,Whole Earth Brands,,0.0
-,Butcherbox,,0.0
-,Channel Control Merchants,,0.0
-,Dietz & Watson,,0.0
-,Batteries Plus,,0.0
-,Rural King,,0.0
-,Lewis Brothers Bakeries,,0.0
-,Stone Brewing,,0.0
-,AJ Wright,,0.0
-,Swiss Valley Farms,,0.0
-,Closets By Design,,0.0
-,Bluemercury,,0.0
-,CANarchy,,0.0
-,Old Dutch Foods,,0.0
-,Ocean Beauty Seafoods,,0.0
-,Heartland Food Products Group,,0.0
-,FIJI Water,,0.0
-,Ken's Foods,,0.0
-,Clif Bar & Company,,0.0
-,Bruce Foods,,0.0
-,Beauty Plus Global,,0.0
-,Goedeker's,,0.0
-,Jacuzzi,,0.0
-,Reico Kitchen & Bath,,0.0
-,Diamond Comic Distributors,,0.0
-,NYX Cosmetics,,0.0
-,Vita Coco,,0.0
-,Ready Pac Foods,,0.0
-,Bark,,0.0
-,Murdoch's Ranch & Home Supply,,0.0
-,Fiji Water,,0.0
-,Upstate Niagara Cooperative,,0.0
-,Tree Top,,0.0
-,Build-A-Bear Workshop,,0.0
-,Coca-Cola Puerto Rico Bottlers,,0.0
-,Sprite,,0.0
-,Excelligence Learning,,0.0
-,Red Gold,,0.0
-,Denon Professional,,0.0
-,Jeni's Splendid Ice Creams,,0.0
-,Caribou Coffee,,0.0
-,Pan-O-Gold Baking Company,,0.0
-,Associated Supermarkets,,0.0
-,Kirklands Home,,0.0
-,Charming Beard Coffee,,0.0
-,Vitaminwater,,0.0
-,Blue Apron,,0.0
-,Karl Strauss Brewing,,0.0
-,King's Hawaiian,,0.0
-,HomeGoods,,0.0
-,Aeshna Wines,,0.0
-,Corner Bakery,,0.0
-,Chicken of the Sea,,0.0
-,AriZona Beverages,,0.0
-,Rosauers Supermarkets,,0.0
-,Sara Lee Frozen Bakery,,0.0
-,Nature's Sunshine,,0.0
-,Tea Garden Springs,,0.0
-,Reasor's,,0.0
-,Florida's Natural,,0.0
-,Stew Leonard's,,0.0
-,NOW Health Group,,0.0
-,Grande Cheese Company,,0.0
-,POST CONSUMER BRANDS,,0.0
-,Bristol Farms,,0.0
-,Accolade,,0.0
-,Manhattan Beer Distributors,,0.0
-,Marley Spoon,,0.0
-,Neora,,0.0
-,Kemps,,0.0
-,Kowalski's Markets,,0.0
-,John Soules Foods,,0.0
-,Western Beef,,0.0
-,Forman Mills,,0.0
-,iHerb,,0.0
-,Victorinox (USA),,0.0
-,Honey Baked Ham,,0.0
-,Ehrmann,,0.0
-,Cabot Creamery,,0.0
-,Joy Cone,,0.0
-,Alpha Baking Company,,0.0
-,Jel Sert,,0.0
-,Crystal Creamery,,0.0
-,Community Coffee,,0.0
-,Knouse Foods,,0.0
-,Chemmanur International Jewellers,,0.0
-,B&R Stores,,0.0
-,Blue Bottle Coffee,,0.0
-,Einstein Bros. Bagels,,0.0
-,Bloomingdale's,,0.0
-,Nintendo of Europe,,0.0
-,Central Network Retail Group,,0.0
-,Basic American Foods,,0.0
-,Kitchen-Star,,0.0
-,Fresh Encounter,,0.0
-,Hooker Furnishings,,0.0
-,Nor-Cal Beverage,,0.0
-,PetSmart Corporate Communications,,0.0
-,Zulily,,0.0
-,Royal Cup,,0.0
-,Ole Smoky Distillery,,0.0
-,Orgain,,0.0
-,Dole Packaged Foods,,0.0
-,Nugget Markets,,0.0
-,Duckhorn Portfolio,,0.0
-,Nongshim USA,,0.0
-,Absolut,,0.0
-,Furniture Direct,,0.0
-,Runnings,,0.0
-,Buehlers Fresh Foods,,0.0
-,Mathis Brothers,,0.0
-,McCall Farms,,0.0
-,Nassau Candy,,0.0
-,Linksys,,0.0
-,Lyons Magnus,,0.0
-,Home Chef,,0.0
-,Vitacost,,0.0
-,Maxwood Furniture,,0.0
-,Geneva Watch Group,,0.0
-,Houzz,,0.0
-,Organic Valley,,0.0
-,Request Foods,,0.0
-,Synergy Flavors Inc,,0.0
-,Masters Gallery Foods,,0.0
-,Palermo's Pizza,,0.0
-,Moroccanoil,,0.0
-,Gordon Biersch,,0.0
-,Bel Brands USA,,0.0
-,BarkShop,,0.0
-,Jerry's Foods,,0.0
-,WebstaurantStore,,0.0
-,Oh Natural,,0.0
-,Ridley's Family Markets,,0.0
-,Pictsweet Farms,,0.0
-,Raw Seafoods,,0.0
-,Kings Food Markets,,0.0
-,Bargain Hunt,,0.0
-,Blount Fine Foods,,0.0
-,Peterson Farms,,0.0
-,Eclipse Toys,,0.0
-,Jack Daniel's,,0.0
-,Jelly Belly,,0.0
-,The Tile Shop,,0.0
-,Sam Ash Music,,0.0
-,Backstage Toys,,0.0
-,Times Supermarkets,,0.0
-,Paper Source,,0.0
-,BrandsMart USA,,0.0
-,KLN Family Brands,,0.0
-,Metagenics,,0.0
-,Ravitz Family Markets,,0.0
-,Cafe Britt,,0.0
-,Acme Tools,,0.0
-,Berner Food and Beverage,,0.0
-,De Beers Jewellers,,0.0
-,Once Upon a Farm,,0.0
-,Aurora Organic Dairy,,0.0
-,SunnyD,,0.0
-,Spinx,,0.0
-,Abt,,0.0
-,Guayaki,,0.0
-,Founders Brewing,,0.0
-,Klosterman Baking,,0.0
-,Mom's Meals,,0.0
-,Farmer Bros.,,0.0
-,Bush's Beans,,0.0
-,IT'SUGAR,,0.0
-,Sutherland Lumber Company,,0.0
-,Turkey Hill,,0.0
-,Puratos,,0.0
-,Weleda,,0.0
-,Kiehl's,,0.0
-,Riviana Foods,,0.0
-,ABC Fine Wine & Spirits,,0.0
-,Idahoan Foods,,0.0
-,Peets Coffee,,0.0
-,Continental Mills,,0.0
-,Roskam Baking,,0.0
-,Beyond Meat,,0.0
-,Igloo Coolers,,0.0
-,Sur La Table,,0.0
-,Jordan's Furniture,,0.0
-,Avon Bakery & Deli,,0.0
-,Melitta USA,,0.0
-,Perfect Day,,0.0
-,iMobile,,0.0
-,Imperfect Foods,,0.0
-,Harvest Hill Beverage,,0.0
-,Olé Mexican Foods,,0.0
-,Atwoods Ranch & Home,,0.0
-,Loacker,,0.0
-,PCC Community Markets,,0.0
-,Peapod,,0.0
-,Dave's Markets,,0.0
-,AbiMar Foods,,0.0
-,Jim Beam Brands,,0.0
-,West Elm,,0.0
-,Daisy Brand,,0.0
-,Wise Snacks,,0.0
-,Petland,,0.0
-,American Textile,,0.0
-,Sun-Maid Growers of California,,0.0
-,Richelieu Foods,,0.0
-,Faribault Foods,,0.0
-,BlenderBottle,,0.0
-,UniSea,,0.0
-,"Kayem Foods, Inc",,0.0
-,Smead,,0.0
-,Alene Candles,,0.0
-,Bronco Wine Co.,,0.0
-,Delallo,,0.0
-,Conn-Selmer,,0.0
-,Bimbo QSR,,0.0
-,Bruegger's Enterprises,,0.0
-,Schwebel's,,0.0
-,ABC Stores,,0.0
-,Compaña Cervecera de Puerto Rico,,0.0
-,Market of Choice,,0.0
-,Fresh Direct,,0.0
-,Pace Foods,,0.0
-,Bigfoot Beverages,,0.0
-,Busch's,,0.0
-,Citrus World,,0.0
-,C&K Market,,0.0
-,Kriser's,,0.0
-,Pulaski Furniture,,0.0
-,Pressed Juicery,,0.0
-,Bob's Red Mill,,0.0
-,Gehl Foods,,0.0
-,Gertrude Hawk Chocolates,,0.0
-,Grain Millers,,0.0
-,BelGioioso,,0.0
-,Empire Today,,0.0
-,Morgan Foods,,0.0
-,Country Pure Foods,,0.0
-,Coastal Farm & Home Supply LLC,,0.0
-,CREAM-O-LAND DAIRY,,0.0
-,Kettle Cuisine,,0.0
-,Juice Press,,0.0
-,San Francisco Bay Coffee,,0.0
-,Cirkul,,0.0
-,Budweiser,,0.0
-,Plaza Provision,,0.0
-,Essentia Water,,0.0
-,US Smokeless Tobacco,,0.0
-,Stonewall Kitchen,,0.0
-,ABC Warehouse,,0.0
-,Hayneedle,,0.0
-,Gardner-White Furniture,,0.0
-,Levin Furniture,,0.0
-,Bongards,,0.0
-,Sabra,,0.0
-,Johanna Foods,,0.0
-,Inland Seafood,,0.0
-,Kayem Foods,,0.0
-,Candle-lite,,0.0
-,Black Rifle Coffee,,0.0
-,Coastal Farm & Home Supply,,0.0
-,Misfits Market,,0.0
-,PetMed Express,,0.0
-,Blue Bell Creameries,,0.0
-,The Glad Products,,0.0
-,Dave's Fresh Marketplace,,0.0
-,Gristedes Supermarkets,,0.0
-,Tom Thumb,,0.0
-,Dogfish Head Craft Brewery,,0.0
-,Woodcraft,,0.0
-,Sprint Mart,,0.0
-,Litehouse Foods,,0.0
-,Harry Winston,,0.0
-,Mayfield Dairy Farms,,0.0
-,Lancôme,,0.0
-,City Brewing,,0.0
-,Kolbe Windows & Doors,,0.0
-,Jerome's Furniture,,0.0
-,Room & Board,,0.0
-,Young Chang,,0.0
-,John Paul Mitchell Systems,,0.0
-,Econodespensas,,0.0
-,Chef'Store,,0.0
-,Yoox,,0.0
-,Rothbury Farms,,0.0
-,Kalil Bottling,,0.0
-,Pendleton Woolen Mill Store,,0.0
-,Associated Grocers,,0.0
-,Cutrale USA,,0.0
-,Eldorado Coffee Roasters,,0.0
-,Electronic Express,,0.0
-,Sunsweet Growers,,0.0
-,Rodney Strong,,0.0
-,Perry's Ice Cream,,0.0
-,Rockler,,0.0
-,Rudolph Foods Company,,0.0
-,Z Gallerie,,0.0
-,Amyris,,0.0
-,Thorne,,0.0
-,Bigelow Tea,,0.0
-,R.M. Palmer,,0.0
-,AC Moore,,0.0
-,Eddy Foods,,0.0
-,Riesbeck Food Markets,,0.0
-,TruGolf,,0.0
-,Sartori Food Co,,0.0
-,Zales Outlet,,0.0
-,Theisen's,,0.0
-,Badcock Home Furniture,,0.0
-,Karns Foods,,0.0
-,Producers Dairy,,0.0
-,KIND Snacks,,0.0
-,American Seafoods,,0.0
-,JTM Food Group,,0.0
-,Just Born,,0.0
-,Spangler Candy,,0.0
-,Maruchan,,0.0
-,Steuben Foods,,0.0
-,Yoke's Fresh Market,,0.0
-,Great American Cookies,,0.0
-,Koss Corporation,,0.0
-,Seagate,,0.0
-,ButterflyMX®,,0.0
-,Recaro Child Safety (Consumer),,0.0
